,Unique Holders
0,GTm7vqznZ9q5bt7jpBrLXgEogVPyQZcYz5bKnr4qfekJ
1,GTuVV28wpAX1LUoecKapkhHuEpdFoax2FadKWWrTHkE7
2,4B1xUKE9xstMy8cXucsz3FVcPsk4o85aVw5W3vqECoU8
3,62LAgavj75J75N8GJcFXNVXVbebtJ3GbsVYTzxr2jUVY
4,XcPDZbX3vApkutNmB2NsaPgody9dNHw6mjuqx2U3DE1
5,Hnot4WpSeSE7viwjQNDpqwp6a9Fr1bqms9CWQowxLaWg
6,3TMvgyeWYQrKDiZ3Nz5zgemNQMCaaVK2yArNB7gJGEdf
7,GTsNyLSEW7y6RxYowcC4AE26EhwNjCLEHA8B1yVmfajG
8,A4sf8Mrw5QRpUBZCz2HSS3isRZNwZ5wUM2PXKH27fneW
9,6wtAfKUfhgc3eL3CwtGUaW6HPMGwRPFNBDBxyWn4GiuP
10,33sqvTUzfGyAgo7yPomAAe4sqmxnzhPa8RRJWpJRThSe
11,8PdqmeKdn3999sT3jkkx3JRquGqZAfr3m7F4G5NoWkuG
12,6JP6yRoBPYWzhUwvDAq4yND6Aq2kUhPvn5ciLxkUiRzz
13,J1a4r7tEmrGZdyycF2oj7n3ThkHD8J1dnkwDxDstSPpp
14,GAJTiysrxqZvsdnrPSd7FmdQ2WjF8JUmLbtGBQwWCrwN
15,AkE3641Nb3pBJGiLbqiDVfr5FWihRNydCukgLSZ5EX9z
16,7VjbfLcWykKP3ymLFD4KsutjYvfPipVi9WBYHtuaLaap
17,5Avt4uPmvVg4f1HpcKzq8Hb55Psn23sBBUqfoY6NDdCD
18,3GTjn9m1wXecs1FgzsywXke5cthqXzoq9Xj5GPytzjQx
19,3FrrE8pRw7YANEtjLuXjdtG7ZvyxFjvMokDNACdz29ds
20,2175YtAjGCujE8xYHCVTZwyrq9yJanyHYW8iCtjXoz1Q
21,BpdCEx37uGhFQRmC87hygmkmD4teM3BgxGuuDg4hiaoD
22,EtysDsXnp8PVayezwvngTidFYEmEdZXSs6x6F1cxoC3c
23,75kXfRrmBYzUvk6p94fsJurEYpSpgdsbTJbuMUbmNcKt
24,4tqVbTbHxrTc2qUxqzfvjfisEwBATGr5BEGakmcFs4kF
25,9Gbv82EiZrjGzngMHwft8TWjQbjwnMiGxHuUv3163wTP
26,4bMxzqNWpnzoNQMeHoBN9eUyTHSBCZyct9tW5aUwQG71
27,4HgzpGYR5MmizVLyrZ4VhPPcA1oQLCqDSt9AxkFD62Ba
28,8zuddwVCKdc8zWSmodzRxuEWbZVhNMsYxSv9JfvTWYd2
29,BkigRUJ6A3DsyojeAPTunuotzM55pW9EgGTkpHx8rmsd
30,ADMKZhUfCPcwCioRpAFjMccVRMXSSpKabznbfWjCLtWa
31,JCppVBGrb2BpojhRyzKGxjzViTFfzqDaVmdsBZUbvBT6
32,928nE6RAsyjFgQqWViE1HWxY6KPHjxwF3srMRABrEUkU
33,3s2teSdotwWjXpK1VufeeVSCyMXLezNDvnFkxVkBvbLk
34,3MsmkPefAd1zbtJtsrrR61pFLmXYGxr3d2BK8wt6QYzK
35,GpAqis35wuwUXcREsHagGjh3X5qg7yoSveDz8MTz78f1
36,BMP9xYBuo2LFHNiFPN4HJRXcuv5uwoyKHAbsgSrrkTBB
37,EpcEgFtXmSSeNGrTjzzzZ1PTomZ5D7ExSrH12XwoHia2
38,HJfnzYaDRqUPPSZTFEWeAEpuxK6M34izySjFeVCbTS4Q
39,HEC6NbJ5NGAbfAaSEDSP9ErisjkZyTCXoYbyC5gJVRge
40,EWiSdZ7hKMZsrpXkmh2cQS9j1cXvAu8YDuDzam5CRo7i
41,7eKFnq1SCEc1FNPafJ4SsQVpW513kTZm6KC31VbBL1Wa
42,DobyEwDZZ9uYAxegMx9PTL6x8trL2xPrENVTmMQTCfZd
43,54PzH5QftXHQ3Xi9KQH5FPYbENjhQ9QGLBABZh2heo6D
44,CNgjUUo5ac8vnp4gyNFtnFBTspaJTVJdmSD8L3NZyQ8A
45,9K8huB5DkBnkgUrb25qYUuXnsG5p4phRsirZrzQRFNhU
46,GmowjRi5Q6PrBB58trn7A2sXkFqABU6h5eubKWNPY1HM
47,7SmV9ZrGWxexnyUbkfhaJKmRxcbXAFKT1fKeJdShcNTR
48,41dZqmtooqyyEyYrjgNF2e35HXv5P1ykBbV8VkTtx1Vo
49,FiaLUeX6MJziD9sqpqyranW2nkP2Xkonmf1rYJ3Dqaqb
50,H6iE3xPc9YUzrwcGWsd8xawgpbCCauXrFqbV1r8zwrLD
51,8mfSvKNsNfV1XFkZVJV7YV3igWdCJuJefV8GimBKvZsn
52,UrCytP6jVPo7ArWbnVwbg5kHbV6nGaYZmDtjRjy1mP3
53,9QhQm8NM4bXFLCTiWw2Mj8SkeHBAFerPpDLXTyyS2yhV
54,C9pqy8kW1sN2g71Ncu74nxMMojcBkkUMzXYeFJc9vWai
55,6ok53aCpvJCd45SnpWyuKeNVcBdtssZswQDXjQYzBK5A
56,9eYK5GSmPMKoRYdowtEiPPT94tXWJNaLET26fsx3aFuA
57,5Zi4dwPPyBQynt5pL6V2oSGhd5ZuPZeh1MuUnDMnkjGG
58,HByuZzx8LMowGBBBMEmbnoLuuDEpS9W41ZGBzQUNvxj9
59,E9QweCML3yLKVPcMfEsEdpe81xBVZBv9EKgv9gPY57EN
60,CRBqQXJtrEPgB2mS9hp7vQZ2HnJnEyWgKTrbvdHzHar7
61,FPGd7zePHejSeR69bDQHnCeHeaYrRgmA7UeU3epTjKUX
62,49toXhno6yqMEnJVDPgFycWF4SBqQsvPheHPd6bM3yna
63,JDLQSBWgCffDXaPGNfUovD66TLgL3i7fjA9gdUZYpg8K
64,GsZRbzwGLC52KJyuX8D5Fue82QtpM216W1RJ8ExcwLey
65,HmGL6nUgwscrkaybSx5WVqrW5GCzjEmyNk5QXSWEGkpa
66,91j94ZR7jMeLziM4XsofB7b7fYUzCYLB4yBoX4H8DjR6
67,AZFvv9M8b1vNW1oCp6d6dNR9WDL4WPEbVGbSFP1YVX36
68,2EyWbz8rWFsBRQZJFU7dtHZgzjNXvD9UET52qB4QeYCA
69,BPXegPcDDDsErMPQLtpihMo2b5srWm6L5xrJeDNeCbDg
70,9iwdkE4p8U38YZMf244WukPnkgHDbpPEU1uBdWhBSoVq
71,HZwdqdPJ9g99H7XSVdhCDEgvfDEuKA7ut7Kgup2ACNLK
72,Hcmhffby9VBwGxKbqVKA1q3Azg8REZSSirz42VWVPx4x
73,8fp8sZAGK896RxJ6ZuYNquhWmyfcfHmJuSoGyfymeHdx
74,38vPtCby4fKCyjWAJtuFWi6sCeRinfGy7u7xxW7HeNRR
75,GfrpPG4gZABL8H8gRVW1F1Aqf2StGZmjEQNzG9K4jL7n
76,HJNtAGTY8AHotXgQmcPiri7S5hywrKeUZWf9wxjKbFgA
77,DwuiCESX9LD2uEdRer8JncNsZtT6vJMtcUbt7RDLDZzW
78,B7v11riUSxCYF4cLZFzi983pwQM8zxWGzgToUvqfpahW
79,qjnWuQkH3z3mtHkGwCPC743qvhYRqbihFxV6ghJjPHu
80,3W6k67LN3uWouayqJ2va2tH93WDDsCnEydnzcjd41xPK
81,8VdJTxnuaZRbResRkXFh4G2UYbSLahu4sRGX1QK8eCvc
82,BZ5eYt4nbTkyLcViAE19n9ascinTA1ZqACzPXBZH8cyd
83,FCDUA2ZYG32s8hX8cjg5KtZg3Vq8GKQBxUjJwtJtGkKM
84,22dKEZy2eAimoVpQXcGK2wNL5jUuTC9vdqWTrd4S5s1s
85,4Mv471UpekmPsnq8J14UrKtrVcphtDvtiyLGccAJJ5u6
86,E1RySqQJFKtB6RjEPaCVK39Tyficm7dKKvpxEvbt1Jzi
87,92QTcQ6nu6FG3oEsathJW2PLeXRgsGVZeen6EF4uycfK
88,cYNmoopZHjEhTvpLzQ1zPtM6pkrZQoTksmLsGxcwKTH
89,82yED2mdAPjdvUm2NB8Eez3t9Awjbh39QSsJNWeAWa7B
90,6R9szrmo9D9xWK7dY4BVPWzt1XqhFeqjSDQmBAiSjsFG
91,7wpzBpgPTVhX6fgzh5DLEiQwuophBEe3fB4tX83dSTXf
92,8hwymvVHYV5e3vrPvNLw3wohPG2bUE6rARsN5sf11grf
93,3iuSrFxFKRi5V8h4nRQr7nQspJR14tThK2AmRRy6eExn
94,HjaaK2kru4zRhVXiYRqLiKT2s8qXK5nvraHssuGW9zd7
95,GVdTbyumPzRypxK8Zbc9eaYeLhm2VTYYF32L6Lw35Q1n
96,4s6Zd5NFrc4WY1NgeV7ezFyAqg3ZTxcif9b3PHACuM1a
97,7xonWwggAeojyoc7EtTxJGTQvoZVctWy3HebeCykqQwq
98,ACFTdDaNM4pBApUPoxJmiqTBhYhUFPzXPdBMjqU3CLPm
99,5PMD2wdEqEQQsbekEoFUkSy7vFhUVQshhBzjhWJT5X5y
100,68AzBiBNvwWwW3zDDjFGbzwaNxay6FdyLA82nVUbFXda
101,HtMZndvULwVjWW1AYRMtQuj4bRVdq4RVVMykU99uwoZX
102,3Kbqmu7Sgum8ukhj8Nr9RXrnpSP5cedHVK78wT2ndbLd
103,D5z1TnyCFSM9YDVyQrttMg9qqjmbd2rwA6aTfSeXfW3R
104,78BkJfAoD26rUK62HvUFs2Fk53nkjUvEmzFYX5JHvwgQ
105,HJCvLbBL5sPkaoKRveEzh7FSb7LrTLw86D5L8yiQMjra
106,Gm3Y25et4Ne4ToMFBDo4LBktXwrmeR3aC4xUEjo9RThP
107,7fc3iH31Z2wkUBQ5Tt15d1cP2pkhGfVQ8bhMoApcMSvb
108,8VWWhUBkn4DoqdqctW3Xtk3tmeV1JwvRs1u87MsJJAy1
109,Ac1pwDCxUyTQ5tved7EVr9s3mmvteSaVFGc9ACv1XiLx
110,7URX5ybFco72iXdXpk8DvXMehcHq1FYZwc1AJGJuDFta
111,yLgUq3iPsYJGBV7tGiy59aVmQ5BeoJNRNX9aZLDHhuM
112,EhSQFVRjs4es21oQAdRv4Y4pCNrizEWsjqdf9v5sEPE7
113,84tzPuhsE7cGetZtT8HwReKGzdxGrVeF5nxBcEPWDEgk
114,H7xc6SspJHhUw4rS9yJgdsGJkTphntJv53uDzSbs9Kps
115,4JjnU6tT13UAp8fgLwQYR3XqR2CdUT4gbC8ppBFrYyUy
116,7Ewob3nNpcJ1aQHBxg782y56jBuEoWpcHnh9WFNpWARt
117,3DUdEhvxJUVAZg5FjhMa815BGSsNGC1kebkduHf3p6zS
118,BbjzFrBsmePc694FP9CUdex8f78ci2wQ2JT5j4MbhpwW
119,3uHuAD9Tc9Ueuzi9jLbJXU6qDcaKxPjotPz67aMLkspH
120,BKLLea5XkSC61zTHP5yMh4QwqtxqTgTVNrznVc1dGKWy
121,7fEZ8NZCJR9jRZWTRorPwwEhg4cmYVaRjxzpqpirce7S
122,5gffCb5JqVb75v69jAdE9DeUzeuF3RP9asiwYXfrbJmM
123,BKBTYDuKaiBQJQ1fWL5ky2iNgCixJhWeMMBQ6xrX2GEd
124,2qF8VuuRN3FS95VDSQF6P4JtBCQkMNjdmsqodPTPZ3Uj
125,3u8hfxgb8NAXv5FTTEjqfFwpqAK57ysnVzPdQuHsgDsb
126,27rFxYQL6snohaqgcuxzbQwEWdEaYmT3kCwmeMbfMCtC
127,DnmrDFr3xQzrkNXVqBt24xgScAuJTMXi6Hq6QS8wnFgG
128,CYdVsEa3zaLjH3kZUzdcExrvZM36LmGZQeAvPMUnWs5o
129,7NHytmQp6HkftLLFfTpc7wca8GpVQzPXYvpF1gbqsAf2
130,9WW4oiMyW6A9oP4R8jvxJLMZ3RUss18qsM4yBBHJPj94
131,9fJi9o8DaFUM5LnQ1T6ZC1tvfGSWfJV9RqkqKB5XMrfG
132,FggAHzsjUaXU86tB3ApKMJTTaDbpUSsmTSUq8x8FfZXZ
133,3a4ZwGpLzH5iVGEhwybspgcJ5jubSB9sDpdNiqs81uSQ
134,H5qvfwnKJoNFzFuoA4Yeb6Z5gfyLySMVTrxNUV41jSte
135,B2LpzCfiySf8RQu1Suy652GWx4KHknwgELpn2Q8SQtQi
136,SmdsJjAYPB8Z7izZwHYgXo2k7cAGKzPGYQXZNVJEsro
137,9NstdsH2ncF77VfByEUxgi4mceXWqRPnM5EUMaprprfs
138,J4ME2QdYBGjxdsjjkFijhtknrVBHAbEcTmnGQ9XrDHfc
139,7M72nkCNefhquSpdg97CJZPvE1MYj85stGr6JkFSSHjW
140,H3AiY4jkbKW8Lw8bASCxoqvme4eNhGAJuFtnSF1oxEEB
141,HLy9V1ujgQpYmfQmZW37xoZWsceQ5dEM23tFzat47MCe
142,CaKzqWiMKyCdWnmbjMqoT71xRBf3Vp9RVBkmqnG8DpiF
143,6zUhVaikq4hpUUsae7aLinfF7yMu8Ua2pjTwQSwyjeuq
144,GVxS5F1cYxS5DKRaDExF3kxGmX6TNfQYP5FWUeN9RKL1
145,AgjUiSJjRycqVtJMypBcGjE4YcggCPBoJvzUHGFJH2uu
146,GRd9YYhT4Ss19ukfXrfMxEs6pbB93JXeZhUna57Hh6kG
147,7MeL3c7a6f7aU98qMCdUnBiUNMgPCmBckzFgJuLpTdGG
148,AnHCcnrfbxNSESxqmGzrzHW3bRMmdcKVChicrnsuwHk
149,7omJChMZLLispA43EP6yVJB5FQqJK6jpeBb4e1heBVbv
150,DDnXCLLUnfCWw2MCYHDLeyt38HanEHhGNtniEH5bGiv4
151,2vwFytrGGgqQnZz4QkbFMsMLyCs6RVwHd782EgstSmYm
152,HDAFq2wcVbHv4dRnzWBNqfJkdH4vamrhh2uUE9offPSG
153,BEYXrzEiAkNoUe78Az8Lde1PygLSgZpsdDkLDcWLM4pg
154,E6HETQ8rXCHLK7Xv1dku1Pm9XYGKY5exshBWooEkHq4k
155,BzYeScNiVtzXLXCUFpScgjCWmG59cWT3tQnVSXLrWj9R
156,AwySdUyYpYCCyo3jfaVpLbhbGNzoLvubZh9kaHgQ4a9X
157,4Lxrb1QeMJGHAj3bHVihY7f8o9as5YUm6ddeVX2y5fEg
158,5V6iRZJLbHgdaTC9EzsCMQHR1H8ZXbvHSWMU9okV95s2
159,8Kd9j4qhTeD686sCSR2tDPGpk5nPM4XQsjq4pDqN2Cdp
160,6FGEV6Wqc7KYfbsRgTgVs2ye9P1EPD1GMSFECLzykL4n
161,55AwUdbu5eFw6nDb6ZShtGDBLLT4M91Ui8hq6pJQBESV
162,BhebNDxHb1bUcs2N6od6LPqwF3nLCvNVoNV17dBEXFRz
163,DzVgvoAUL5desoHcPNrM5eD17HkJ7cvo5ZBVcHeNzM5Q
164,89LZ4bRnzCg4uj9kRMNgXQNug7FYQkWSfVDRVCFerpX5
165,9kohkahvnNCyR4xApwoPJSjBUkgkHXYXfiuR9oaUcTW6
166,7k43rD9JWBzXa71FbdQqFZRjmALyBiwP1NLtqmRNti5P
167,FjH4nNBBLdAWtJmdyCnfmPqBt6TwBVpg9wg7CWvwHSL2
168,45Gt3YH5Uju8LZ4dokFqcmQTUwJg1NbpamEELEnSaPfw
169,Hkip3WKWug2oJar3WRgA2VEnXaWbvrnMYtmtHwCxwTAP
170,6X5XvFWe9NVV8y7xtfvVCXLsjSKi3u9sc5XxHQpwJkxp
171,Hqwg8Hf1KpaYHYWW4edq1nFVJVEjLFrT9HFVNtqtQCkN
172,CpZs6YXtpp2LjE1QBfiTTFYPoTqwBVaZ6JBf3uAuStLt
173,A5vJyCudwenmHdSXpjFaLnXbBgSRW3hvwMJGXLmsqVD3
174,86EoiTHti5Q9ow4yaojSzUaWafmXh58joWgkjx1FsxRJ
175,8ZG2qzQmtuHLppu5Gqw3Fjd1X8hFs9vSxXhWu6iGqM9K
176,CSS4Fz5ZevsCKYEhgSYqSFvgGEo1z22j3DqxX58AgKFV
177,BB2mvAnyzNcbrG2xGDZzhr4fyNqZjhnA58zXM9M4hTxu
178,GvZzyqEgg8UCmv7Ea2SikWCiYoj4iBPBzLja4Yn9zNSr
179,AhKTWPuFvQ2MeHoXEPDE9MoEwxH6EsmNzENjPuN8nSpq
180,8G4c4ci1WWWgcxQNVrovU5Jx8MKcQEcBaqiivU31HXCh
181,3GN9hipDxR8SqP5wfDhs4VKMUK5pbwcGNB5BziAUBrk4
182,HMXQrcQWeXdoEHoHnt2SsdVf5UPYuxZdh3dLcqEKTDuV
183,5VcG2Xbh6JXyB2xjNbQqoCsLvX5qP8cU8g6auJ75PjMa
184,CyhjeCSMcTcVU7Pfgu9HD338mrM13Uy6XDyrVMTbZD5Z
185,9wVjZuDr7xWBv64m4GwQG7DA2dFrp1FX23cXS1uHSvep
186,6pAs5S7zGX77DHSYUuCxvxbf2FQQHQhbBmAYLd3iJvWS
187,emN32BnEv5xv8LjrRziAJ84eFQxywwt3CJSRGvTy8VW
188,65USJsD3UFKtDn8vVqtPWMLXP6XCsysCCSh6xCFZEd9p
189,DM4ZrdAe1WLsK8QroTSGPpNpfa7tg17sJk45A3xvWdRk
190,DJXSFHHe75Gr2H3iTA9ywEnNTT3cYq788TYwgLmb22L3
191,KGyMJMFmAECMof8iLgWJFRXJnkmsSGNndZVJRZLpzF8
192,98RQxGP4SA2U7jmyxf8XWhU9UWAaF7H8cWf8pfwWWQ63
193,6Y7TXGZQnABTBxi8YEF5DSxA7ucc1GVgVgYTZpaeUvp5
194,3PKhzE9wuEkGPHHu2sNCvG86xNtDJduAcyBPXpE6cSNt
195,DBPpYkJG5E5fQ5EZqyPwiZDVDBn9Wvghyw4RoVut3SD4
196,7CGJYRJGxxfZuFrCaFy3heEjYXeptjPxah8QcnhuGQCz
197,7qnRErTMPTwYoEwhQswWDfB8t1rYzaVmRUhmpoNWr4LJ
198,AFYUdT42DtrBZXEoFazcjcWnxc9CvkKX1hSwYca7Ecis
199,FRz4cQjtGKHXSw999mWS4GidCsstCwFaTEvQ1uCGeQqv
200,J5tp9Hqt9c2UcZmUe4Fdfs4EbecaFdGDK2xgpk1fLZbW
201,DxhkznUTZktDUX95E1sRFumfXyY3etK7eCt2GJqUPRJ9
202,BEqP8N1bKeUVKjwzaHR1jufz43hi1fQ9Di2eA1knN1ET
203,3PZiyXzonL2beBATAdzPSonTQGMmGmykxQsLZnELuxvp
204,EF15ESdVqgGcxhPzV254pAnfc7vJBkE1GEAfSum9V1gi
205,CYrMJPjjr3CBtxECPMc4c3BpqWnmSXF3UnLbbKXZ3RWw
206,2RwD5cXVfvtGGoWmhGysLKupxhMZdG1Zfh81GcCnQtWG
207,8kJS7znJvMy6rKreLHDpm2FRnGkKkFcbgy8VEPzws1QM
208,2K8nLUQgJRVvUX3WhCgAJ9Kc7wTsNLwsoVHBgXEcWwfJ
209,EUFBJtZ8Zh5884JrBdCKU9nbMeA6r6F5wijsShZbddkj
210,EA6XTskSCHTEygRYpbiiVS7yi7XtPNNouYZKZAMcuVwc
211,36n1Goq8QmJMjjdkdgf48dv5HRpTtip6gdBENvKVf6Gj
212,EUatkH3g5kK5TyxpyUGD9DJ1gtyceAMAqChi5nZ25FQq
213,FrSdXZdV9H9vDjTgXzHujxC93HnPUmpDfVYsRVc5fyp4
214,HeQDKCQMxMpxeQubNU6eVPmBX99EuF2gVxEmZ2sJXx2M
215,GUfCR9mK6azb9vcpsxgXyj7XRPAKJd4KMHTTVvtncGgp
216,GcCBAbbPKRD8V1zZdyNvfBcEtb6BAWXu2K7RVpSJfFMB
217,4xTKMk75dbWojjStiC1ZHaF5TfkkQZNNLVuyhJDpgZGf
218,H8dBXfjfFt4LzmmxWcu99SyTX8f6qemjwyhKi3V8YCvV
219,H5Whiei5yYY7L12GXhbEP6LgnBTHShxnaKDzwQiTKre
220,2RFfKQ6uLiKENiAP1Vx78QNaGdgTGg9usomkZgHY3qDb
221,9Nn1AmhY5pf1mTgDxD8PusQT5Ug49QnhANrWQYfyiRgM
222,Hn6DxuGA5STFG9q1ztsqKHk5YS5YwaLQNSHasn8ExcY5
223,2y5VnFPbMvXk2vBZdBp35ndudyxSnrtr2JwrEv1GF7c6
224,7gXhkocsnxb4XvCe1QgVHNWhPb3TFiS868AZAt7MGe9x
225,74sUwYtCycjiNYoBZvU7hZPAUtfuDuqnkwzyK9nCDktA
226,7LC4LYHfQZBvtvZMySP4Mzk8p76pfmqrnhyrWMuWzeGn
227,EYSyw7wtE7aLm953uiVT5wra9wwho71uMFtRCySD828Z
228,98Ua49smTudbsk6aJ3nXqbuoWaxzaEVLfgFF27xEYx8c
229,3mr3unGzfQyR6Nu96jHumqbmBpx4spdABXwHouob3FGP
230,7ckvB1uchDPcA5vkjJvu4DHCkgGq81qbJrd4P2CwPDV8
231,9WkhoNFX1hYkKU1Kj2VEwAqJvL9n2BFi1H7YJkJqzqxz
232,H8F4tx8M7J6ZFGZuAF54LJuRNy6aDBpgTKk8PuP6f2Ks
233,DQePFaTuezJfA5jrb52uoN2ypsGnx1SeqeyYfnwowz98
234,H6BCTKMX2AyJ4KXo9Go33VEsBFzeETv41n4WktMcHfhg
235,4sp1eby3d4Cww4fj6AtrM2btZ3XP5MrJoJ8W61YqaWrS
236,EiLnVbt1FTAXpahWx8c71g2ZPBxbS8uYr5ZhHqw8BHk
237,HpaN57AB3mvmp2GC31GmRVEnyusU83RaKfiZeV7x3ye5
238,8f9fzqcT3ApTyCgjQ3ASpaWayvHincZvkc3UCev59CFi
239,F3PnLCWLBzPEoFN8kSwSZNmmXqwcqmXJ23orQ6gL4k2p
240,g2q4tWwSoLzY2PYmYM6YB8167AFP9L5J1Mf4xJ5cJhB
241,9iZ9JuhZHnu17jFsUJgkiufRogqfVEJs58w7wZ5Sxvz4
242,Daz6N3dTfcEfLPpXYNoxbsKioHoQ6HxEBFa3ExBvxfAK
243,FGr9rJSQFP4ypFbJMhCotZh94ciMvcU3dApuDeXRi6vb
244,6ooRRFVPefMMfRyWaHPBj5hVA5S4dhNWBEXz1y8PMXmv
245,B8sMibxgrq3XW8RpVevDmywE3qr9i7nt2w6W5ZrtLpL8
246,5PC3kxh7cjonBZV38EmKjCDAWGYJrkCYtUiPUCtuMbvv
247,5SEhicCmWywYKC4WsVmvE36jKayjSBEMoANCdvqufzC9
248,E3kuAW6uDvHpxC8FGeBa3RYotK8ZnJ7egwaNnJhzCTrh
249,ALRxaikkoiZ7FFZdKNaoF5KnVHqJRt3LZQ4oj9Qrtucq
250,Cyjs4qe1dfCZcwvbjm3Btvnscb6VcLnW1g45uWvQhdUP
251,EzVmKJmpiiUNJJEK7nGZCy7BzAZzY8dY7Am2zNiPmmQG
252,EfTFRGwCu7ph55H7nxC3N9gJ7hPhFRYpjm2YsLhPHPAh
253,7d2TGtc7qKnmCSBfhikh4pffXpGSNeEaZyTS7chs9o8D
254,6dm86x4LHSBLR9WLUkjUHP27A5uJRwgp5Z5bVVCWeM9K
255,4u2tNimFCYL4mnPNwxL4sRmntMg37KTBQaVVnA36HCMf
256,EekesRYdpmtRXaSz2RNbnsxXYABQ1d1rMtTvwCEDcVoy
257,C1ELxFiqcBJk45cwERZ5RH1vfqEk4cwXRNaB2izbMikG
258,2VpCqSV3E1gfzYvbjEowmDhXrCMjtdP9wuoVfuuXnLDk
259,J68RSZUwvoGDzJ9AtAY9VQhiuBkaNJPJXi7Nhuu6puAL
260,5UWKrf9FVC6YLvgz8Lf5b2s3U3gC74tJTudNAePoEvtD
261,CS38iY3gjEwFNPhiXpmLuN6285b8D1cF6xQpevtrhcoj
262,6eCUkMwv4WrHju3Es2mdmAbxUooE6f1hz58vyy1kDFmx
263,993EmQFr38AaRHNezoqrPZvgsJX4faycq4WZwCh36Tci
264,9WQPXgEhZKyc4pRfoALU41WK2RK88t9StNjg1rh3GCFX
265,D5iBrVXWrW4zNbarLzk4zFcVkr6FgFXN2FffHgFnYsMk
266,FYmHZiqcWa3YxGqRhY5Hwz2uSzjioiuqZoKvRXtdpHmw
267,7PurcrSyyJvZ9Y3XG43zDWVuVNJAnav7SQkADZ3gRXBX
268,53gtpBLnkw8ueC2hnkiCQYjoNDEAdiACwmpxY43X3rPw
269,DNtLSkVtouRkiARvmd9UxRiDEvGLgAVWaTSX6JjzP2yG
270,3VxhGdriBd3XxDXhWzKwVDNtUX6AivofDn8EJUDtPbcg
271,Kn44G9prFqdGBekp1TJCcpQCr2tepLDFpM3hzixmief
272,BpvWyveup3q7q6Cws5TWkFYiZ8bQXRrfdxvzrN9FnYo6
273,D3NNEXLyMnSWYMRMPL77yaqMBd8X5qX4g33GGnN2xVJJ
274,3M5TwkC78Xw3p9qiDRnMNESwmgYHcLWgDtjQUPpbFNEy
275,GR2GaPspeZShpkLfrp1Ciwak6gqNFKbBkpAf3UpPMWGm
276,GYgyUy5qTBkUmuCS6yTxEcvpo2uaCncNUHzxiU83DtgN
277,Ek21Q6PGjW8mS7WoDakcm9Q7qsoSKmhDqu37WsYjwgpD
278,6uB2Fq7WLwYcExTys47RPX2cfYTJPEQ9b4YhgzyFVMBV
279,4LskZNfmhWAumZAUsFqUvD6t6RubyXB9h82DyfmE4sgA
280,AWFVrnfxdJjx5M9DnNCyoZ9B8hgqAskqJp78PyLvRa2c
281,3KdPcS44t4wLmXRNPYKJh2R4etqvMAcCmsMQD32Gs86K
282,463iWf4UzXkFq2uAwBcFsHnztJSXuqGedoZKp44Y3jcL
283,5W71TzEMGdQiHRe41MHzQpZmrFiqCTBx11qcsTxy3XSk
284,248r9HpcRbJWNLWAgxzkdvH9a3Sw29mcKsxHAqxo75fA
285,8A9toC9NXMF5HEuef2iU2JgnpXm6DE5zccGCEHhFRiAh
286,GuWMTEL9htJfCFT3dSxLp2wKrQhffkJ1YQwG6a6H6B7o
287,CJUaitKQnk4EyX9BbrApGcxkH7CzDu99zFcRaVwJfxRX
288,48zXaDsCw4abiSQna36BYSBWxvDC1BMhGXjN1v7ekXG1
289,2ggcAncmHN1ryjsMEQ3a6GsC6Ev7scb2nhZpmKySzBco
290,BigkmnkGQa6qAvU6BKBwLoCmTKbYuHRRBbXbYUTzArEt
291,CxXnwPnFS8Ujx5ty4XWUxnBqKSUTT7BgkLZFG6dsA8YU
292,415CzMUgSUwiwLbV7ZTrn4VCHAoAWHVzNK6phUFBCH7E
293,6mqJFzFFKtzTj7bzeffNR12gAvpZBN8Nbe3F1ezsEY8e
294,B3hEvWijBwvsVDs7apQvVtJBj7JWS1XFnp1owJw5F2N
295,6XbeDCCBvv7UWfRCUX6R26nidck3TW39Q2izZNYAwxC7
296,EdmLLFW4mvZuUBBUNmvkpFJvxtBoFnZzHAEM31fk4GDn
297,9Zqb8VqgPpLGMHt4StvhrwmzNreJq8Qxa2WzSvSXdd7t
298,7XW6EQp4S4TFurYnzCvmfgiK95ucJShexuMmidHM7Ttt
299,5k89ty6avPDLQ6CuYNEsHStHcSBqvZhXE5hGVYSP7XwU
300,AwTT49nUWYyQgyHdHDGvq8n1c1isvssr2p6DGibTSR2k
301,6zJRGVm7BTmnHoQHwaqHZ15ZqvWZT3rjqXLEuJhFxudC
302,8uWrxJuXwfuz6f3WMkaLpYdeE8QNzLts6euPWQuxK8Q
303,9YMBrqJtShHG2kVKmHRKmfqsnYUstD3rqWrf19CFYRRb
304,AQEEbXfkqobsCYCu7VThjJumogA4qE4z5htPqb2hbh4v
305,2z3RrqmDRGUHNWTWWCk7ECvgM59BhDeHKvqhYP3wubo2
306,EEViMzxwrANT7vogq5AoUiRoX6tDzy6vvjFf1vp3v4g4
307,HojWgobPbgqDhxEDSAMTpDZFF6GFQgzUzcbEq2v8sx3m
308,3FaBm23bhYdirWeWrYUiY26WYnnXww2vqiaJZmz8KdhA
309,8dPK9fYnbw1nLAHvcRUmXBh9mVmoWtsBFHi72GP2CnT9
310,Gtqju8mSEA2NBbtFGvQBdLytjuiXn27Lnne9mYU2rpUB
311,GqwjVWhMRubadTm2uXzBhzmGUNcTLKT5z959b15n3iur
312,4PBpZQJ7vBBtkaq2RpnTptav47Ta6vUKLbRt6Ba4hcpf
313,FegXwV64xV5F1k1tCpcT4Wy3DYNfxeVqoymNx76qhyrE
314,2N8mdJRhA6xnNViM86TRaTvUeSECNJ9tNU4ZoNrpFTak
315,3BNqAKFvbmde1SERHkNtVJtG65Ljm9tPyuCpe8hVmscZ
316,6nsnBgtjcycN8m84ovjWeahSB7PuYxXb5v1ARfYfXS4o
317,FsHU8ceyqpXQymUL4787XYshU7v8R1mBUwEsgCRdeMWi
318,DD8u39srnecvwAdX1dqRJRjzi7AZRV9Mvc4kJ5X3QQTD
319,H1hW7CgqDL8bgRgBRbubKJgoqDn3hQLXpSsUtXtMdxoH
320,6rPEAcBotexG6haWPLLtMDi4t6RHDph5Vj8ToTDya6VG
321,Haa1K8nBdhM5ooribHH4yySeCm3V8AwnYRV12XbnXqbB
322,CkEi4aTUE6owHVBLqzJuD4h1YnhzuyNxEq4nawBAXsPz
323,89onbrKkwf6CYVdNxFj4Wv4jASZtyJcY7NihKdeuXbMG
324,ArEVZBhB7Rf7BvRwqu7p5BWg7GHREfWdrott5tJUPs2D
325,CUC4b5UEUN8umNF68Xrb3SXB38itqMA8mfH8QDeFqS1D
326,CbXZKQJqYpMQCY6ZWexEhsaUphfRPGsE5GKfTi9VDCQw
327,3RrzyKPnJAFVKu19qw9Bq2WtJXUcekuZRpYh1EE1zz1L
328,ASDgS6dnvo64T4TsjFJegv3eKyqf8sBoo682piFojXu8
329,7Ncfm5YCT7hY4io4tXpZsYhVcXqTpyaxE8st8VZRQJNr
330,5Lt4Dodo3A2i5ZPpT5yaKTJi1AV9REfYe1UmCmLLbTG3
331,AnjRqAdCZcX8HiXGw4V9mq6R6DTQUxGqXaiyrNVBAeo9
332,6WG55V9irW1VWrj96Qo78vJB8rk12fCqTeqYsqkArDmc
333,5BzDWc6MVWx2QxS3tSFLspdEHJLUYjogBByBUrZzcwU6
334,GsW5HeQrjyWaeA17CHdcaMUVK1HunoAyJ6BggUjJFMRf
335,Ho3r68FFCjgooiuE3duaCHtx3b1HxcCc3NeRS7e67o7u
336,C7YmCuQMS8sGmRH3fVbiWmq2ZbYnEt46QgEUtPKZkvTj
337,Hkp3njAiHf81eacZ2iNccVugHCz64EoajXxcfexHN8mz
338,3V8aXnDwvGDGiof6DJd2L48DbhQRcaUHFjMSTj7kUtbr
339,3ZEEoJo8UkwvdCFxTzKY7XMmxd3zDTWHn6HiiTaxjUru
340,jmFXAjojzAK1hAX7sea4jpKYnUAQuydLuVz5ppUXyJE
341,3rUbcJ7ZovJtJQgJmEnNPjxiMwm3z849mAn9ZryWvr3S
342,7d5p6xh9WwmHNrmc2oqoyb5PF2cDcgRYLcFiw6akrEHq
343,4ZLzgmqroN2Au6USfULhewVrey7ehbXnGWvUizB7GLz7
344,EimoHPaCU4CTY2Zhgse7a6uRYY2fQchiGfekHzKWSzRJ
345,2Hak5hdsrQy22Cxno1pPdPtbniMkxTaw6h6WFMrd1zw6
346,2SJorVoBGFZd2AButPKbdyAFFn1QqPmrEuWNz8b76Asr
347,ETZjhEMPMLFFDqubdfxcriWPuSkkCgan4ifK4YrV7Kxc
348,f82AG2smvzAMQwQaijtoAZW26Q9L3p24xxgFwwK1d9a
349,2n5PbADyQXeCMztD5wnZjF3Nn2w8PmCmqSQ68TT6Q6KX
350,HrPYESLenL6NoFQqmR3YaL5idHTEMNv8GMVtMKd5GrfJ
351,DJjPfA8686y8WhKhu4b6vEKxnDFwXhGSJx5B3HYWw3Wt
352,GV4B8sc3XEof1cH8WbbSEUmkQ2rqZxHCdgR8T3RPVSwF
353,APE1HAtGW1Mh4xjR81ibANfvxzophsbpfd4sYd7yqVFw
354,9ZHVJKK1YKcJ8WtQThyd8GApvqgBhuU5dSVbFjJf4jPi
355,6m8f76xn7rLQaf5fyuFH7f2jSamyMHxBX7L3agYn2Mq8
356,7DopW6Ge7aBHTA1ivoZZkmg3mkz7KKaZFkcdpa7FQii1
357,ExFPzmhVLwMeRqcsc7xbui7quEdSVvf9yRpTXkJaTMBU
358,4ei42c4fm3JNvNxJdZ7yuv7NQK3gkd8BPTzajPU2W25K
359,8VazVBTPFou9geqjkmB8fXy95AArtHFtcY3kR6RF1UHg
360,JEEhsJrb9HwwRs3iKbUDXVRgPw3kWy7KcSS4UALSyHw3
361,4viGAdJtwoLrNb5ZJ1y3wDkqxSszcENcJqD9WNLNgXB5
362,Aepu7fheCrptUnVDQ7uiqVKA5HyA6FQHaDAGNooZFb5N
363,5r8y2XoCvm6kyZmq14ELTCJuK3715m2b7cggCVXxyGpD
364,8Saf5jXAcYgP4N8XFLeAsBqks6HxEKbRargHJnqQvjjB
365,8MhdNzcXXe93LmcxNDTk3iCHsUVKnNGhN7HstWSg1czm
366,Fz8A1SVR5cd79XreK3vFECYPwUpRxX1K3TLr8rHeWcNc
367,CMkPj7HWvXuMVBaoAayhYrxiUWDGwdCuNvo48kjg8MFN
368,GLn7j24NenGxC97JCxT2mwsF1JiZvkaH4aYYbsWXWeiZ
369,3Sbcu6Gsi4izpSm6UKn7NsBpoFn9sAHLU1qJLzTxSZ9f
370,EPYU9PJ9xP4JwT9sjXwwbJtqT1a7Cv5VxVoy4oAF2ykb
371,3eafonfrjQ1YNxRwxkE4Hws4ATdV1yPLun2wTAp6psr8
372,HFjY2TTm5yFgwwsjW3WWMwoU1Pvo4MFoYxPCMScANFLu
373,Evda8utrgZiudMfkbM2RWpv4qwAuQswDeUmm5sCQFWgr
374,6yMWhNEAZwFjbvTEFJdoP4WetuEzVaa1veq1K6G1EEQo
375,7LZetu1gx8shSjtJqKLcd8psiSX3edp2Akuu9wgdTNdo
376,6gYNCuUMV5iaBDTEK3e4ujG7wtHaFQcTGyCX2V3ZKeeX
377,HkALdjJnj9Mpt1Q3Bon99Fr9HJihD3Y8WFs3HGrkafHS
378,BsePMo9VDQJgrJUyknLXKbdL7vVvBFJLMjX3K3SRFQQc
379,EBZFCywzpXSX1u1XD7BJDV5RKouXerwqCBn4tFHfpvf2
380,fY5rznQy62yUF2pPuJxoVqZVfuFUXV8r5FeDqdmtYyK
381,AnMMqVrtZZmCgMfyYRnUg5R7m75f7EnAZMnFtgSQfUZn
382,6upvpEPS8yQ3Y39zrAXjUtR6B4pBFtP3befWDtHapD85
383,3FsTmtv3Ny16jS1rCg5xt6GjHmRSHFcAcAHGkgpkaovd
384,967o6YeuQ55mEVsD2KbyUJmiq7T17UMUYp53HPxdgKS7
385,FUA3KPABGZcHtVhG8F1eAJFMm5oYenHCWJLmn5wu9b8
386,7cEyY9emLA657Wpz9gPTyhjYDNMJ9qmSRvQMacMtstP9
387,9LDW1W2Z41MpJWoUWh1sS5GsRrcsWBcq7AXLALDQkxia
388,2bJfFzNGmWj3KLJ5TJp1tnRzJufcR5TPFXZZnVzFdrU8
389,DtEqGfexUEKf5qxrGS99xxzgWm2z76y7FUuLnzDovj5e
390,291PZtrzHXwUEh3MMvgEKarF3mmoc4o99sSDCGD6Twbw
391,4GbVkhmxD53HvVEyg3A4jABmtYMuu1FmamUamzsmajFb
392,ARNk4egbHPtEt4DAsN5wvhDUZQUMzyVRrkEq2VHUULtE
393,42v1pCEQ45WESBNLoDD457mYtpLYR6HG478ifvtNknpF
394,2EpPDtnDCsgFFVkpjWWP7sKPrXkmHuMRYA7NNmBHmqV1
395,5PMi1kGLMrxE1tMia564bddezHoyPzfS1BA6kfmCpU8i
396,AvDXGyARPW5UhXkamwygigwHN4PgaEbB9wVgJWZnQLWT
397,H3gjwZGnTqDwaQakiLKGGU8DNhZKiKW8RUzTWJgtqgTw
398,HzEy3vkB86ThkGvZev8Z3kRNvMTzdhLE9AbQNaDchJEV
399,6HrRADCtFYTzzSXMfP8jeFMma5P2VfwvxBvEJn1imjrN
400,6NSeWWX9LHxV5ZRqufu2cCeoa7ftBD6jkUWR8zVdQrRs
401,CY6cGBSNxAjQX1F4TvqsxhNuP1Dd8uxXjUddtKzwSAR5
402,6NArVi4PpSBiZsvdpSLFESUesZSj4tE5ocRWPGkK7boc
403,2zhBszHabeCMXJof41EcfPa6PYAxxdm5nBWQiEH7XoKa
404,9gEaJicCaQT71u43XC6gAj9qH8d6iAFXxfAki7LDrY1L
405,BayrxPkpURe5hEM2PGta1g2oTAMM3uUp2GseYsrtLrW3
406,2d5gjSXguizbSgre7B3r4qroorng4s8JZ5NeKETsM3wQ
407,6ohQMaW3MHo8FXyxr75YaVAv3pinH68ctH4pr4cWz9QL
408,82CMXpqT74xYmJ5gguNvzPRdJLHQJvV1pWRvsCPU2bf7
409,HSY6t7DYy6swZ9tLUFFeKjZoSNaRiun1A6i74TszgxLz
410,5yPGvUz6JWKjkViGwTCpygJii1rP2xv5yx146ULtBiYq
411,8jC1nu93yJ1SbkkhfUKzwz2xdDAVtYvhH3gNwuMxXJuE
412,9Pnh2wgNP3yAKdz8qp1ttwB3CMfbPrFkyQFBpwxdMEmD
413,4P1QekKcUpov3zjgshu3JhTTBNv9bUSa9pzYebygAn4a
414,BqvEejNH7dwVCwoRNc7QF73cro8zUJNienFCmRQBAZzP
415,4Ye5P44dKMUbK3E3SZmGA4G6hxTePWPz8oQb92EG8yTW
416,9kEdofySaznFida6DxoNcbMNMhJmkT1F1mXUTakLtS6B
417,2r23VgbBEWxwgp2KJr3Wv8FdWN2obMs84nNWMQuzANWy
418,2G9Mdj5rrA5fybW6sb1q3SEoP5cfZBjgu6h8AhVnHfjS
419,DcMMDYniobGa9FvqiNo96KnMjTP7CZMfyf81eVhTWD4B
420,5Nn9snbwavwvF1Hxdkzr87StHGfSjDkQWKLcTLScgETc
421,FpSrQMhnYa8YRnEQqKstyi8DYsMvET71CPfnmJkBSSP5
422,EpVH4CFJBEdKpe495EbfaLs78x9qUmJgBvuSCijfCpas
423,HLauy1ZwDkcSFAUWFwo17NQuPZMsqHgvHWFj5xAGyTcA
424,6LA7FzTR63g1on5RNHNj76RKmK7birWGMtVNYf4KX6Xc
425,8eM4RMT8523mLLR19phtbeFucg1vAQ7TPESqhv3nGhwU
426,EmaK5daQxHrdk7sotNFUJRxuk8TQCVrE6goCLtoAq7PH
427,DFEPsdYRmHb11MuFPEacpAJv5Z2YTgHaaGMdoWWHWi7n
428,4Uy9zcCyKo6tKCL8juUEKjNrwAjDRVaXVjucxkZQwchD
429,FRqxJ3uz1nFhTaEnxKMfeGC2Xj4KtXda1jVCJYw5niRk
430,2bFzh1rN9WdnWRXR2vDCvVH9VBrrDe8r9vjid8FFEmWG
431,HReHi384bqQQiTqPJaCf97jhJYDVts7r32jLF4otPjDS
432,Ejip3o6n1zb31o8rSExdg3TaoA9snioswmsqYSXXRGDW
433,HztqUciz9TKPs8jV4R7HHn6kXfpYYmz9VVfLJ3vCV5v
434,5V28cSsngWmq1n36JQPpVPK5oM24se581ck3obbjjSyy
435,5fUujyh4DT6MrNwqeBQnqQY6N9218HxejYtzx79QKyqQ
436,FSMAQDb5FbCS57j3jsgCG1LU83tEzW2ZFzWnRXbarf8L
437,FYGJM85AkU7VuANjhmDEiTbyDxb8evvt2GcAEVvwiFiu
438,DU76Zo6B8ssneT1CDHxdc2HxLmCgQ73W4vwRbW3NscUF
439,D7FG3Usyvwh2t5Dytrpfbh2nZwLY7RgMyAS19TDXCzMd
440,CCw1Fm4b7cLvFtimvcMivzK1q9wA78zE4Tts2fTkXQhm
441,M59o7FyrzAPA47u3qSUnebWFZWkYRr1f4mrVE7NNR2H
442,E62Aq9dKX2YiujojCYG7J6aSMy8Kp7KUafoAMVAa5pRZ
443,FXgyEczXPLUN5B423QPBEPxgLqUfoCr5eRRPXyn2pSSH
444,GRnx8CHP9oabu2PScVBxDXb2dExQ99oqW6Uh3Sn1Dkdm
445,FzePBYpzY4KVC68REV23CgWUXuEqbQcbRNWUFpBZre1c
446,EptqQ8enhDWAfhys5QkQegQX3YPUWGX5Tpfu51E9sj2Z
447,BnYj1bsuKwAX8bTiNCDy36KBWE8ha2CrT2oSy9voJfGp
448,CeM7wGmb6B7VMdXvsEdcSW116DDfzj28rYhuZRVnug7H
449,2a9smFDgWwZp1wzWZv76Ey9EawzRWiD3r5bPkHM6tqMu
450,aQZwctzdPG2WnqiJaUtSwo2Nx9jJSi3ZiVTghbAQRuh
451,E6u5KzEQDszzaDwCydnhj3giBt4QRm2x5YaYfY49Zwy6
452,pcov63Adpcob16T13DwsP5dFFuaCDME2fpMMYVTHtWw
453,HcJqr1br1hsCCm24GoAXkNjFedTeinNwHVGSaCKbr6Xp
454,74cxVfv34fscnSFuSVF1HRVNr4c7GzfsUCSEWFqWrJWm
455,E2yM7oukyjwNuCz4DZ5ZnTyqekKVf4ppoy7EvrtU1eSt
456,FxvQUxkQAgJPbkJ1daQVPdsjHgMGr8UfcAfJxQ2tebss
457,3xszSwfU66sE8rkmapoSqH5Hkyryesh76foJQ9J3RPGT
458,CN7vmkQGHGkgdanHSbmzM26ZkCGBeF7pYkndJSWf27Gc
459,E2QFwDySBHP4nE6XD8N5eJ9rGyGf1yq7xcP17y11ntXR
460,7YqvWgcLPo9Dx8SiLtZF1H6pcQRo4vbcciu91JtPsGTB
461,Gkv1ct9qosDuszBPKKpPiUdDvnfwBGu96dWpG8nvCYd4
462,6MipZ4aXisGZuTHzbyyswLLXEUabz2PgBGtHW9mXFq8y
463,5y6nXmFKiqLRDzoY2FMindpQth5C5KJz936eHeuWDBzn
464,6QmKFsYUfd8nxLufRojQxWQj4TGhM6ueJudmPd3NxbHY
465,ocdZkxFihdAMQetZ1zNPbK5ywNr3g6HyvUhHn4ejkq3
466,6Qg3Uw5dFtxMomGQfpq7YVgzsvNRnqYBqPh5kqvuQcDs
467,2tiP96r4U3ZBFZhi8R8S45qvYBpaYWMJptrXMsBpkQiw
468,AgLoaqnkr39LikvQwr4gLu5LuJXaqTQjspTorb5kuhtJ
469,8QHN2sbbk3nrpcUXwGKQ5fBfpZp3HNE8693eussyWRSD
470,5TUsNcvUH7XUpagrBU3e9JYxXiNB4PHvwUapkvu9VwB
471,HBruRPkwmnQfcUcozpw5vF5fiJpb6yEsJWZ7Vakxfk88
472,4aXonB5qoEWd6PVPtp5Dk7ostVvk8L64dWuQVduQvLt1
473,GLnNK3CbmUQdGJ9kWqTibFj7coN7KPfnkw4ugufzEBUV
474,gck9ZUfnZc1VwyC16kcD2c8e77T1aoJKhrHtBKXkjdw
475,3HisQJv93VZgyjxjVWeJ6MbZXgCM5Ep1Z548Ga2hEAcG
476,Ekm2kWMP4eXfRZvBmC6h2iFVnM4MwH5g1ZSPHDkncTHa
477,8BDWUW3zJJjRoXPFDNjv5PeM4MpTzoRyghPN6XaKdWJd
478,E6j5MbJxpMWrWWh7NQxircbG4dB98SXdoXtpfRbnqwvB
479,BSvwcbZMfN3zkTvA7dTgYWGbnHbWcwE21PKp8BnHRZ6M
480,EYYBDtvVVcmGnANqMrjkv3cTx1h7pNoGKQEDJViS8EmN
481,7raSvCWMndprnWVQqdV6WZaSmAZUxuT1eAYrFJCPsubG
482,EGNShSe5BRJHw7eyCem9ZPXcuYmSfb7GSqPMpHLD4okN
483,HGSxxzZVd3Kh3VwA46jn6k4kRATbxQ2Lf6Qjr5KytVvM
484,Er5AVGAh4NgCaQzs7djt3B4szzuDUEZdGjubcem9B41R
485,J5Mvi2d3KX2Wek5N2N9fWCr5gncM9RZsmy2ZaAixj8kB
486,BVgacZD4Q6wRB2EXDGsQtXwn1iXTtZNvhShtEST6yD2V
487,EKgbDM4TtbE9hMc1X8fa4iafjwjFwaZrYhtmTZgzXgzZ
488,9Mbkr2a1C1ZuY9Q9Hq9dep7w16tJGuzGRnZeZg6FnRoK
489,Myyubf1RHidxTpJk2dNt2YbPLN1g313G6Yi2j5yGZoy
490,23g2iNnoFZFnSnrzses6S2GWB8HpT4h8jA9Qr5gVnqGU
491,5SCngCQmjCq8btsk1mD3YGngpxNMbzhadozxYneszp9t
492,EcNqcVxR5ag7ZyieHVN58f83FvbM9vsazqUGPCf7fHcd
493,CBkh2rMb2i9XaE1CJtX63jetRrofSD4E8oyGQR7ufqsq
494,8Rztj89v6qSWPRD5UJsxk2VWyRSttHMw6RjSFTPFGAtt
495,79ycU6MZFAg4HU3vjp8htT2NAoAt1t1CSVEwaB9ePg2W
496,6kKLfqvSjV9qMSHEFYdZ7q3HqVuivYTHrUWWiJYmaGRL
497,BLreYfWmHZwhjoX9MNuSDhrjBUcyffT2xt7HAs82c9RP
498,DcnXomjCPX7Y8PH6niSj5qEvJd1vUYVdQe8QZMwzVS8g
499,78SKz6SJBmCWgut2q65ctFih8SRVQ3b8Jx7cLDjDr8zq
500,J8YQxq8qCm438yRjmLPFkUinztxLPEWJeJSxxL9GhxYY
501,BQB1KrcdAiRu6BThUb8EzwX2YDSMCwqcd7DZPTLRyP2R
502,3nS1Pt78NyYSFcrV1pe3Dd63KAzxSQ1CaR6STkx2tY8d
503,3yiNgWUxksaYrunEfPn6WynMF31MjNeGNBqfzkbS7cPJ
504,4fijrqTCV2u1DTW4ZKkLSMEUUhcsa59Mjh5W6xxuEZZa
505,DrCg7oG2Q6auNaeTinq7Mc2tGMPjd6BrWVzyAR6boTQY
506,Az1epSxuTwKHdqY8EPGYQY6wZXkA8NV6YbLVgFoquL8
507,2g5nUnwrLnPLE5w1XSFzczoaWN5JJ8v9tCQoHnM6gQ2L
508,Ce1T31MaRwNDveEFAcRgtKiBwsmL36wsJF3CY2cZC2vx
509,NXGHhvBqGhxJd8mBvsGYTZXd3YRFCbPofPdvf5yv4JB
510,CxbtJEjHmnu162HRbThU7YQ7P71spYgmETvFBzBQpw5h
511,Ck1AsySJhi1QwD5KF76pTXZ4aeTY6xyy6RRDssKTrzS1
512,BC6sfLZ7D1WbhXv9CWfeNdwJXpYbY31WBggwTHYxvrBP
513,HTSrVMMEadLAd1MaTbYFPrPVFntTVen3oh7HutW2Qt2r
514,HW5icidGz37xUWiJc1AnicFJkhLJFkTZoYZG3AMknPHB
515,4Sk3uqoUvJd1aCyyJtS5oxqwZif88yoAa3qwYNJxTEog
516,HuKHH58Y6ZoRnJMmvcoFKuH9iWpDGHXMQoNAc27oSR8k
517,46kMWhwesgQ2oFjDhzEGgH9zkTnYNnH2nz2p7YkKE3Z7
518,r6K1Ufp5AQfLYhaYHehqSPjovaDKxt57DpwfRPrezx2
519,9ZLHgxwRCA5epdQPpKguoTwdbSRyMn2JvyQQ2YkKt3j7
520,AwSHN7Vd28bg3QyJtCkDXiEYCjBgMAYenaNuHBrWsyWr
521,DLJZJ8c9HEwkFuAF7ScVRNMdb3yyaTdvwDpiY6PuZdJR
522,6HVEwvZLsexGH1ztFFAcpUC7QozsPYK1gxirdmctjvpb
523,CSx6B93uHTieQX4MLPA4JNFKdGn6eQDqTUsmsNeQNPsN
524,Eq76oqw2ihTA32dFU5NinHMUWHdAYwd2UXpuSVpJKddJ
525,nVaDJ37E1UtZDVL5sMbVPGwNMBnihUL3BcVzZCPfoF9
526,6wJTfEeFmw88em6Pd3EcnxzbjBK27hyWwdu75i5C7YBN
527,AVd49uQDYF7cnSqYyGkRdF5PHxVrfsFovrDRomLat417
528,DWVkcQAH27YzmvfSAh3EhUHNfJnS4ZoXPpSz8vPwBefi
529,BWhLNkNkdHN46s3ppSkDPmZN6Ub7QreBie5vHUBconud
530,G2q1P6A6VF4PvX55FPN2fUpbTLJrQdvoKfKk7S51CEVL
531,8Kadi41YUTaJchXEupsfnRyN185u7mT4DTpvqJ5iW89z
532,CE6mhbMP6HuBTkLTmguDc37b8ghNstS8E9uJtYvT99iH
533,G6d7v7E8139K9otFfcKk72e3Xb5decf3wRVXU8wbDTks
534,4JKpTm3roGGmUXTFzGhnuFL4HGMBNrWWTkqTwjtrxeC3
535,GNhTgZ7oS43JX2aK7XEYF6dCsemqzZza5hZhSWAedmdR
536,4Yx9hg5khpSY1XrAj8LwJ7APSLdmWmk3VoDQ4aEGxqkj
537,HegbXqdSjyAarH8HQ8N8A8WVoQF1BDLRiK7GENaZyUCw
538,D4uSksjhDZ6xiw1NFbV3bDhFYsJDGbHDC6ti6D4RNQF9
539,5zsak61FmocEm86f4H7MTqnL5G9YQFAMt7PwEWb3rmrq
540,4D6DsoSr3PC898HGofmJQtVKZtoebiee5vQn2bjz4rMk
541,FfMmiW6uMf6nFgv26LnecsSaUoYAaFvPEqkXkRkDXWx6
542,6Amk7UPYQkcbo4VifLNfWzFvm4jYP6LECxU2xGvfLYKy
543,G5VEbyB7VZBwB84UVkGBbUEm5ApviZpyazbvhwrCtUcn
544,Gb6ys5c8Y1B4VUcKMSGAdVYeQqkQEmVszvib9RbvpkW2
545,EM1TQPzVid57LVT7pYrApCjUUGY8hPtLRDri4mNPc8nt
546,HMa7DXxHUwuSo1X8DFuNQW3Xhkoc2ezpUPdnH22UY8sM
547,G4roVxvA2SguKYT5xVbNhFtamqH6MCLAm84mwgt3Rp6t
548,C3Ua8K6ZtDWzvfWhP6n9nzHp7HMnKbciYYBsR6RwDGMi
549,J4erpmuUHQxg72F9cAmsHrx7ja5ZymQqk2U2qxLxYXG3
550,2uGoGcSNucSZJYd5snFYRExm593o2RuXeQooNJmKSZYb
551,E1u29mUyCkWxC4migAbyd33w4s6pTMzCPu3RYSMZfLHd
552,AqKcKrx8x3pSJJzF4i7kPuDAC6WAZtHTRQdJzfhUCRKq
553,DZAmuEuMh2HRSiC1dbBKYQN8qavXroixpZ9JmXLMkdYf
554,44JPsmn4PATH8fgr3m6bbGap1BNLzAVGkhcmYHs3GGFM
555,7oYun27S6JuuKZRheQN8o47d92nzUgfYRe2gdhRsTVbM
556,J1wcqHoV4MK1bE6CDT5gibtas6PhsSHXdvcVLcHhJUEb
557,AvdWAEQDRUkH7MoRpDRRXvETQisNtS4so22ZdwKi4c8j
558,DMpicN6RdCquW5WN9kfVTs2wmff9UNyWhtFZQnN2PzRC
559,AoWYJYhs7ZJ7nmX9GMCNudQSS8PJAf471pTdg9NiWvES
560,87eoww3dXp9i1uUyD1WMWH71R1sf26ZJWm13Sbvcwvnr
561,ATyhtDZDFLaaf4wTR97oB1MzbUBK4kJQuqapzxyVQdRN
562,9LJfNCPA1p4xWNh3ZtBjtnHBzrkyTYEyN2oxakRdpBwe
563,4ti89tgLiEuEyq7z2YismLPmBoF8HCnwfsFRuqZ82vhj
564,ngVMwhjF9DXGmXqW7Zs34gyT4BMsV2GqJPyRD4Wxhqm
565,7YQZijvaHB1vBjQmK5oQfBq6ZRWdVDUdjqLnWnKXFUxh
566,2454rCSGVYRzciYpDZ3Q8nHsZHCsSwc1udgfuzu6GEEg
567,8L2DGWBvhbfTzHtEKmnKWJNE6mh6e7VviGk6rsH3jSY3
568,9nDfjGDeKCeTQufPfq4Jg79W2TLW6yfZaDsyj8SvoNu3
569,GCN2T4QLr86SRkgGsKAAGLh4DPDgQzCMCAJG57guMijX
570,A89bcrXEZLjcHqawM5E1v4Vj6NzAf4eTcQZChRGYjDM3
571,BNShvubcqH2GyE6hVhojTZEkHJPXaUqkRUUmo7dmTtuF
572,DHezVGpCEn9oGaxeXDUaYL4yZQF6cEdn79D4cLsQgPmJ
573,5516z1CsCftca97gEcCkQCAT79oQ7v11DoagPFT5AWzX
574,6kryu3fg1Cp18ptgk1GHsCRQTjGQDencsuLXYoTAKFjx
575,CHrXQibwY4x4yQgNddMbz6736XV6MFvX8UcoDaP3LNN5
576,EtpQDpT2CEKBRwrw7wHSTGjgNgNryBGJX1dkf2sUtwkR
577,Gq3zLTesFJFDqq4NVmUcKiCsFWRFHpQKDzPzq8SsDhMP
578,HkMAzPPQ1A76ZYQbqKv3F9NHiew78Uc2jsM5wjC5cc2m
579,FtmTRfcieuqr4jgUbsLaJfxX1ESmE1jovef4VgtHsJpy
580,8d333AWdyiVhvkAdiKCTwhgzaPBMbn8mtucwUC1SAbZZ
581,BndjhiAEuWGt5gSgjukVRWxHvVA3kDauZQ2sdbLxtmgw
582,33N6k8hQ4GTJfeWfu5oA4hFWgwZKhvZucHGFDxBhNt95
583,5xLWQrZr8NMakDk4ARyshwHcxoippxH71t5Y4unhjzcR
584,2AEkLQykmpM2ABPDYH1VNgQnSBiX3LQek8kox2SPhzZ2
585,Enw4HE62sKVjzVHbDZySrVrw8qQUxdhpBSt7P6yRmqtN
586,Tj1zpMeUmLVVrKRXSPkwQyJfz9C1TThqQWofnr81g6u
587,8Qxm1ZDVFzEsU5KXAhQrnaA2ZbLiKGGXEKED2QFh2yPs
588,9s1Fnz9zXhsV2K22cCnyVuMKgriyBDs32sfSmmkkFYY4
589,59JYgUrXGzGrC6i5VMfiAdYBCSxedP3ycnJRVUCzCVvp
590,GrXj4VvNRsKyoKK2DxAgX2QoDBZRXBN3FtZMRh1vUM9C
591,8NaDXrH6s76bt8gECD9x4Z5Rv8GQ7nPKTnm6N9FCoBiz
592,CNtMJnMP6Etd6fMp9ieHKUzP5EZoq2smkLvo88scAcZW
593,8NQSZ5wpdET6dzAao2Vg13BsiF4QLAFKPSntKAaggbLr
594,9bvaV8gymqpRTB9bdF4NQPcUMQdYeVV5MKuTh9i3BkaF
595,55VDwXJ5J1oFmSFaT3XjymarK3X8YS39cCUur8QjbfcN
596,HUw1tHLKz5TNNtSwDE5vDfpbxEmxchTCZV6VM7q6qAw3
597,2RGvvqvmjGvDBXuPE6qaLzzsZGUe2gvn8e3uGkEEDvZA
598,GcDEsGco9mCeyHRL3bBM9HBGLBvBQxHTaS3734FovaZf
599,8aM72JpB25bfdjwDz9jua4xmTTe4QphSMJKVkxoeFxsc
600,RCLQyZhYUg1c1EKJasBu9R7b6hWKmYXmsACXuLDMU7d
601,9fevtwVpDs3f2rL5kebGaT4FRePG9QRZQrzHHw5wFC15
602,Bbh8J3rLKUSzjDZucfa3gz8XYoRWfbN6uJoiJ1ot75nE
603,A8qncfGwb9K1aXtihVjCJEzXE8ynvzgGQcSSVyP5L2Sz
604,471reNDb6wGWgFnmTwSyVAPRFU1GNVZDVQzJD6tU51d6
605,EbNvTq6ZZRAbMgHR4DhyzXFJMQgUTDwUVKago3ak9MD9
606,GBevFCPr6QSYpekW3LY68NgxNEARWAWfxWamwKkS3WxM
607,Ajx99SDmW6ajmTCmtARznZga1uVYgZKSLqkd9tHS3ZKF
608,2iXGJXrs1vWAQyk5Q6XAqK3LH8wJdRHzAZQZsgZbLB6v
609,Cky2akEfDuv8GVKLCp5LRQpYWb5285gjxafyBfc65Vqv
610,E8coXWVWcgHwGpGdkg6JuFawHe3DChfwfLiKLAr4cEKa
611,87hdRMe7MvjYFv6UmvwqGEhbqrE92Yd5jGp3jyXhYvJs
612,2q573FduySRmKuVZMLhJbVswAvWQUCUL6Bs137atHZQD
613,BRF9Qy755qT57zN7mr4xNRjdqrSHHzPjunpydmcbH3f8
614,6EaUcSgB2AwGXiEmGvVwEHMr4LQVRQnZMoSMSveDKXkb
615,EBuRdgLttYoRz4s3ZtGgNhn4at2bX8tUDZANVRxYuUV6
616,Gz6XcPav1DNMP3NzvGk7zZoNKhEYJJN3GdkW9CDhAo3J
617,26A5ax98Z9E3x4zC8p1pBJ8ukSDwtU3vUaX35w7bh7Mt
618,2fzcDpUG4WUrAigGxDrwQorXopKQc7D9CUh1RWSDQR6Y
619,Bu5WQsoufbiZHMrJhGGAMSzv5fv2C7qvSMMSzi72CzWb
620,BQ7SPXD1LYxze9At63hULX2ZWTJzawcKKyCPYijXvBq7
621,r2EUnQwRyJgmeRPMvYL9Eqy6MF27Zi8kHGSEuc5iGnq
622,ASiuATUwvCAymPpPd6riQdJ6N8MyKvaGRBay3WBrmLum
623,9HSKRkvJZ8XCxNJ7YoH1KBQ8xePG7oxA9g6VMJ1eaa1V
624,9HLxMcErPhaDKA8RjH3q4wcBCnE5WgcZMCHfMCKunTq5
625,HNtezoNbGpSNtwz48gU6idtWLJ8nJ21fu9smQ5NbKqVL
626,FDzp69FKG8qdRFSLCqM69ntqNSweP7AxdbemFj1f624k
627,4dVu1ma5neZmRFYGHXg968KowyQxLBNqX3WZLfaJEuWg
628,A3iyMiSg2bAvvPrWr1jXxCmFRhLcqcGb2ZCosMmhpBws
629,8FHpLxMuCiSUzGK43bPoTxMHF6DcuqLASGWD42QrokqE
630,8BXx8o9QfJ2CSC8DMynxmTQuX6xyMtgjwBdWKf4UbrqM
631,6zbXQb8hQ5Lb2VxhRQt8Ppp6e1XUAuKYWaPdTTLSWQdA
632,5swxo22jw6JaMsMhkCZS5nrsJcKwddGrm8qSZKQUcoU1
633,AsxYivuyVu6znDgnwenpLSLvkZDua4mGKxTvM2JgoeDU
634,AsYxr5Pj8fvAsouVRi6pyAbvoyeHSFc7kZKGZbmVuj3V
635,EjtPQYnM5AKeXPSbRVCnvcNS8R4PLcRiVpa5V1g5Kz1h
636,BnxcbrcLBgcpRb37GCaifRgEMumgGrYkZK29YYEpgdjm
637,EAg2wemSdYjemGJXBpmYGmFaBZwoVkRwwSyKpFqeyhym
638,9dSGJykLRiVMSrX8zNWdeUHNWEiFb4ERg6gy6pJWTzsj
639,Hsd1M2KrYFQNkJtErH2WBwscgUuPYYM7zitZXPmPGr5L
640,3NnaPPffUNPzFB5ReH7yYNML2HtwsBxnYFxeAEBqbC96
641,8z6KpMd6792eNzZ7iG2sMh8wzbK3JPMNrgHapnpjpKZL
642,DFw3p1KLrFFyFR33h868kFDqLR9ppA9DypxdrQzJ9x2L
643,9uWnjtyTeBmGuDreSCmtZz4b1QDJBkvh1rangxz5QUTw
644,7vgWnNZHdHcE8Dm2yQm7nVAJNHSkf1MVvpEn6YjSPRQ8
645,TVCg27VMDQe2p5LVqaJrgAaAWabLL1Wc9tGKfXKvRu1
646,5khMXdsfxKmwGfQEcvKvqvo8PjnFSuMxraSrMaus5Vk2
647,C6h1RQe9x8VYoSgJTFrR3v8U17PSZ3MopJ5e1Tbm9CHY
648,7WAKSKPBEMp8FZ6sRXvbb3FfHt5qqMfeYGtVAyo4CskT
649,ATgumBvAh6buGB7G1R3gkAU8297oxtXHcad4DhKdipdd
650,FdpFcpFJ5A7CvMvPVXJbKp2or3kTkBX4Vph5TF94sEtG
651,9KVY54aZNbzURStCrTUU9wJgrYshXb6BstJmJ7hkUeM8
652,7jsAXYUfUWLLUU2fWMhc4h6HFuW4cLVbq3xqu5DXoxMp
653,EafzgLAkLeTFcCyRryKqu78WdQZw81ZTYVtMmdtfSKyc
654,FiTpemoQAqXGj4VamwymnRmzTHxSpo6J8j2bwKX6nYVi
655,2fV1gUY7ss2iWExkPZdyGYREeKYR5iVMcpvfxRPtUhRe
656,4g8KQAwU8zL71Nt7BZXjXZkceEmUMLXcKwCtN9Q91jar
657,Aw9k6NNnB8oqeY7nDjhA9pppnpsdwGNo9qNXSNmYzqR3
658,HAeK7x9J7A9WmN6wbRc3G3hR4pVCrAy1a1icQJK3fr2a
659,Bv3sd5i9evicVbosCmEjUD1oAWSrcj49jmQ1cAJVQPC8
660,EwCeetLz5bisLGNzVqJG8MjwvLrwaPbm6DpXif2WfQqj
661,HstCwbEn8b8tJyEmgEk11mg9fiTGuDKhbcWnmU925qZx
662,yXSVzH5V69RGJmxH1XiZpksszSGPYb4Ckia1a5fMiNq
663,7QpfFEdTQqn1BFoJvmm8ca38eHoZKGxHgJc5yb6EvTCW
664,7yagGbCmSStQ9uzQfQRDPyfd4TtYjDD2kPUsNy7R1PVi
665,F8zwQsBkLXiHixUJS5fXoRAddbwUyiGxDMPQkGynWJJm
666,GsR5FVuHQyevtfDQaxnPcfkrJhzYdLPbHZy1VUPXP6NP
667,HHVBPXMKZ86twD3rDaMsnZhiJcAgzgQZfYyjDjA32Fv9
668,DkJHuBrtCaJZM75xfrLpUtiRVoU8TG7PKZwJCVxXg2aU
669,GrhaNdccrVQDZAsRTQvKCtdR8nysLzS7WzMPKri8EYT6
670,BbeUhhwRHQw2x7xTdKZTxQpapgmo1Apvax6J1hr9wHtq
671,28691xqS9Q6fJgMFfoC4k7Aha4RCxSrAKXfgcArBPeZu
672,3GH9kZh8azrPdhTkbVVQDHxY9ASbdenaikhPRpqZYTtA
673,Ae2zuJxypjcMwRDrxAbEpM7cYUrxMEseZaSxBwQDKvtA
674,FJEtzUbQxdFxHJ8PJ1X3hSeD716MGUVkJvGAsfy6jqLx
675,B1HcQD9fugxYPPXahV1krS58F2ePQup1VCsfZvJCY3Gs
676,AJACaqfGGpaPCsRd7yrvoqYWAHBYqdwxfD1d2LhPugzn
677,6npcnrZLTtaPub5ByG4r2wRy1ZuLVmQayF7UaQTBdnNF
678,51iMr3Z1sRddzF8yhFiG26TwntDCVn4rDacv7no1SGyE
679,9rmQ2hRt9t3nk57w8ztkFgoUyxG7WDyfUvxm4D7hs7mp
680,GU78PW15mFTsePJjRGgmJdSzQofkSEfFA5X2TfNojUw8
681,GdF8sfoG6HJzZtwzMJaMgaTP8XVMZRbRCUSHqjoYfLhg
682,GXD7c1TRoVbkB8oBNRuM2tbuKbSZKLAcewUsCh16Knmv
683,B3kGrxijtrb8ywPZbZvmEZtDRWnnLhAqcUj4tGJharjj
684,7rcCQ3sZDBq1xC64YVPk52mv2TtGBqiZRSjhuw12AJQC
685,2TGni4kpGPAqqamx8Q2uAZj6HT9Qvodu8mwpc25rzp6M
686,2KiAZ4QidMqmCjpLkXUyHULY2HQu5NuMUpDdNvT672aC
687,iPnZs8u7Hx4fSjzRv8bBjnho6f7S5qdgSFuRKM56V1V
688,2ESXzde9vHfcwLk5HBPZZxiL3ndGjpEwReaxFRvAcnmf
689,HLAkYtRah9tRLua4Fv3qAR8j9eRno59J7bcaUG3hX6m6
690,8PqQYJDvsow3UGydnnNuwSoPBuJ2QGxT4DrwvRuAyLxJ
691,9kBkuohpXYWrxJM4mZLdqD7x7sx77NzYfKfZV5sFsAw
692,66NY2kjrm57hRfKMcJH8vbHsSVjrMRkqFhNsc4FvmA4G
693,36aTUzyxz7Xb8oDDbc6hsz14pHpxKqhMoSxy5YuwEC4o
694,GCgHaNvKgQPsphfWMWuDysAsuxZXy3ETSqWDyuEgiSHX
695,HvNF3zWzDXGJB7dkpy43rEbfDojG4YXZmGfLm3ZTqzJs
696,H2CiCo2UG2D5mwyw1iewNv7hm8FtxgvgwxXZHy2DcAXe
697,B67jKw2ut15Fu4jsVSGZruCC3oSg7odg2PzsWUa1vbLE
698,5Rbav8MZqWLvjURzzSVHt4SS32hRtkdfmkoCQ1fsn8RX
699,2shCiv8XAxQyEyiPuVvNK39VSTdLjQr1D9BEmwGkTVvc
700,DSWsBrZmD1AtuH1NDxPjTvHPTuB9xb9m4aGu2hYWyM1F
701,AsgBbmLtQzcCtG28yrmRaAe29Z4cuctCapxRep2CkRdy
702,Dv1CJTZeYhCXdWwMv9No2NFW7RcjQGonBeXHYDncXKBx
703,BmeiK1RimojGTWMwuZ3yMZtX4HpbCL6Js9t5kUFeAd9Z
704,731WyWxcWnHVJbEcDZ5pxoj6oT9Z7VyWkxZqzxENHFzu
705,FJd1xSJj5pvVJdrLGNPCWjGzJBi4xFW3TVRSRX4CzCF6
706,98jEtn8UxeoceLqAZk8Fv54t32Q15Cy3UG9xb2JAnqiM
707,F8QkEKppD2YgBpCouH2ibaV3KYpQ2qnfswksAKQMJ9Hn
708,9YZVfpTW1oW2Qv6dHpEHTTYtuWJyEP4Y4sdrJRYbU1hE
709,271NLmiWACCo5w5VFP6ttK3RL4n5aiooEBmqiPKMRat5
710,4bX7xjShNWXGJovZYBZc8SiQmnCKNzwLWrZYA2Hyh1Vm
711,Kwbigr9q53vdhSggBWMFdnyA8FKe9A52qJAoLFU9yr9
712,6JWesnTTypRH7GaWmqS8vqF3JiPTGoPkA9S7ToWVV3xu
713,5cBNceKfnCZoUW56EkaDvzA1PXDhWY6FVjUks3jpLSy
714,4d5ELRND1nK2YqSjMHE6j9Teoydk6E6YVBN9ffr3qSpa
715,BJzcCrYtr1xFyDACHech6rpmukazcmcsoNKWztidpTz8
716,PYjq1tVviejLDuARNgMzbCPkAddnjy83Fc9zqYwdbjN
717,cCjPvZ8gTboUKr4ox2HHECbZwuoqVaEXGXfT1noLWmu
718,26M9v6hCEajozRKKCqrUQhR8n1fxzLTp9NEWxauYMfZJ
719,6cMwCvk7vJ1TGL47sg13xKmVam27dY8ATPJ5EEWaqZp2
720,3PLqbdUpzjGaLQYu2eWf8ocX5bAmKvDNf45ZiKo6MnBC
721,GBb5SYBJuMLZBGNHcYNeswVnAsm7bQoYwDy7EQbTv4Sj
722,EpkSNj5AbZsvUhfZRcxm4vNST9VWbT8SsiCdT5D2Ttpg
723,8ErPCZTdoYmAAEd1Pry8DrAHpxdFMvZbu3JWWcifMura
724,ERiwxASceeSQExFUTWEngaauvNDeDRCa2yzrhjYMEj91
725,EHHX5ymd6gpbx8cSwJ8QvnWtWrwzTgUYyM6jQ5Mg2f6U
726,CjLkfRhRo5C51zdbzs57kqvmXsJLMG4cXytjWGaE6m6Q
727,5UCnPwLsDrSVntJyWi3EhRUFPf7RvZgrJjZtQbRLwVyn
728,255apzzrqqngAJeGgdXARwXnNcgKZweGLyRByH5j7qo9
729,9k1feSQtgSQX7KbMwNbDSMzBHdG5n6EL6isyJPRVoWzQ
730,BnzZgzLSLhnjm2yydueqEuMft8LJYYQKyxyoywqHBMfA
731,3Mep3mY6yqB83XMBLJEoGNQGdDcRBnnj9B3UtZq38pSn
732,2fiHCXfQCsaToCXMCJMyiTtXyrgBhk8Kcx7vMwBFAD56
733,4GeujhTwa3ho3ffgxv9uARp1CQsvAaukwffgBi9824jc
734,6HrmNcKc7v2EZuPFySyWG9HSSfGYms9UEP5XRTQvTGrg
735,9YzGbophM7Qs2Mx9MrhwDrraUy4fan3z49efXJiHXwrW
736,9viaiJwqSUgPinWTvxk6C47SPj7q33RTXPDJ2Psmi6gj
737,481UsyLpLqBiGhccgWFkXSRn8eotmGgRGnV8Zw5J8nUs
738,AnUJWwF6DXQ7FQyh7Zz7rUGTrSyJoiYNrspTWD6RffVK
739,4vsUrDyYH7suqgYzSvSFfKLJzpKcVGwwEtaYvkgitxrg
740,Ftt9yAEWNLHR4a1v8GEHhKj6r3ZcJw7iHGNRXDvcN9S8
741,6YbNT3Kg3GnqZoF8yXbLrNuE4XiZvNzZZj7A1UHNbbW7
742,CcRzPMP7aq8fJwPFsRRNzEikFv6Y5UBhJA58c7ZnaFQ3
743,58J59D8sBvHNH1jVPJ4XU6partDk6uUnTjBvdBh5p4J9
744,136jVe7Urh9Nk8uEmRmGQQGTSUrNA2buRjL3v61Nf7Rn
745,5jwbzvvHmoWUxW8JqaAgCHpRrfPnPYg7hhoBMYUvs6AN
746,GqLaFWvje9oT5mf2dVkrptfQMyQgPZcxsqvMz7ZAhsF7
747,3yVHkAMMuQdcs8Ygq5EnHd7JDGH89XWWoUivNbn1NUKd
748,FdNLCRx15LLsduCkbv3bdo1Ju1TqtjyYyEWqB9po6WUU
749,EYjxxRRWYeyAjzRdPJUpibyfCYxq6PdThSM3cgHPrQn4
750,E5qCuRRBrM9ybD6RT99XLmbBqnshVXXzgsKYGX3teHWq
751,iAEdBEfDwUMn3NUUfdJVJCqk1y7pKXMUjGFQVW8viG7
752,Ce3cEmHBjTuKAKNtwNuBiuLPQ4USnLd8QJgdVzfUkQoo
753,FbLek4etury8HcdUJ9xzSaRpE6BZniTKuooALoCTyB9Q
754,GBi9q5kzfNDHEwjvff3Edui6seByxUtzvCr9kituSz8q
755,6xgTy6jmZAMY3pECyyuVgnoPyXgjmC4VouV6FnJbDx7L
756,87DXTEovwq3JL8FBHuaVq6Ka5MmtfVkXxB5oVsWwGDQp
757,67abjv6cmBBmUUnSpndVwg27RKnFQWe91XbwFX26MJJk
758,46zjUS1R9WkHzTAtX1PxZspYMurxBFPYYTrDteEL9tBE
759,5wEA9bkDa9VxQv2bhj5JgJvzb6WoF5RgGvQbo2DvoADb
760,3ak3ev8Q1PDcFzqspwDX8k9HJDJh1jfoveghK2cSbwvd
761,2DAX2zpvHQYBvvzGwr2KaPMHAzPnG5aubaD5iGvDGVbH
762,7FyjaLrGe3KqibgHjDQqU2uwxWewenhVpKwEGoP6RdZB
763,HTnEtqn4zAVnfvRHfDAiUjLUcKPr5S9HSyRjmfXNhR8w
764,AxfdbyvQbgzdpmEYmkMG69n6Nj6oa1Q5cce59r3tAZcD
765,8F2VvAZpcL2sYyk7tm6N7thug5whM399TsiXZ6f25sbd
766,EgLynkwDdfM86xzDn1ChArt6wtHZuN2BuNW3eXZTwJ14
767,F2JqiPRdS6SSbnYihGZbhnF1GrYKwe4oXy7ijL2ewDkV
768,ABpA7SJJURVo4g3U7cVLA17JLT7NHn1R8Q7RmMKcApEF
769,Bv6Tbk7kRn9szgxpEbuvc4poNokGVvNN6gGzdmYBJZMK
770,DXpCAsbE68UuZcMR2xyHZinB6ZHeV7KMaazxe4aYvsEJ
771,7aiwSPahY9HdeELENVfzYZuV7YKFBNwX5eb6SMrJ2xmh
772,HDjKRG5ZhJ9aUuzDCBasRk17LE7uw2j5ztmVSzUX5EyY
773,HqSwiDmNjMhZ2CdANNRcTpd29C3YiFYiW9N3Npq1p7kN
774,BsdQWK1m2yZD79TXqjVvnK8sS1SV8DaELPxuqhseQn3T
775,9ZyfJ3h3FBWxiFxQRNKb376GTeHUfagdqLkGH6gd8qtm
776,Hc3YLnjTEDFh7GL91tXpgPxcAnBsqoAMtnd3Rm2x31Cb
777,9QBVVGfqetHjHAJwjBpnBBvjGQHzGgttf9uyYKEJFpb6
778,536shLDw2pXhVmbJi3DsAQVdJHnX2pC9vn8CViNLxNU9
779,BQEbnqseoFQJ4SBm4NFAvHgBinHXJjMYQELaN4zUzYbj
780,2gr8uRHisjnsKUmctTP4DDh4KMSzq57xiTPAmfQQ6hZq
781,7FDsfh1PzLvRd4J7rWcHhU3Z9JVaYnS5F3cUVX7bhEVS
782,G1NwBKagsRHBiifMJHWexFuH4bcUatPaPUQJXLs5UAoU
783,BcrtK6QqwCjVdEZAVQh9xfAh51GPwbj6jRm3iX6MbXa5
784,EavbFXnY6W7xWoTtBjitEFD8cptRGrdjiMrxrmQNNEFq
785,45F3HWPoLg3RTtXbRomAK1kwHTEVwJ8pxkMKDyZrLeE7
786,Hr32HCyAJYCD5YCWR9BQN2dsCsWfpoqaC9Py4iixJysh
787,BXd28JqznyUBnN8ExU6nXkRcmkPRe1ofAsBFrhZCRZHm
788,HGwZqqUDQMys75LBdPq4fhejpriEM9kVDGr1yjxKegK6
789,2CqxxuS28pbFUqRz4dfYH1BD4NtenZLvdqFXWRZ4dQ58
790,8piNXEkHzmjzSNUUKZ9ErrTkE9WtoUDZ7vFbUszqF92S
791,7PWxgT36uTFBRerQoi2MCRbbAT79mZrtZmns7nq687e4
792,HjQPx1uaxJixLbUfqzS3xhoMeMdPYW7866LHxsw8Pswx
793,Anf9c6carfhWBTFWDopHt1ZzTxvf7kGJjix7cfJdqpzg
794,3SEUQJKLW2R2cpAQPz5o5PVLnAxAyydEoK1AY6PTaBGm
795,BUPdraQkak9vzvhQn9iKd6Z2u5zoN3y8bRtEQHqEQELC
796,6BEKFryCwSd8Y4XkYqqQRFY19PCRUxjth7yovWBhTtU8
797,4A4yP2Sj47Xe7ingMDnwodsuVRHvuXhRxehgnmZH7BaH
798,7VaMBQNHvcTxVxCjwkbqqu8RUwweAQRrht9fmvjLujq1
799,4AE3hwVbphte8nW5emaGuhHB2NQeYwEY1FAEETTsyU5Z
800,HMiK6w5tFqJZzxVyjGZqWHS7L2mEqpDTrh5FCnTpGmSy
801,65Q28VwPvKCVbx5QScxbSCK3jmDNkBwBSMRF8kJYgpeU
802,5jDGmjv3fdD8UJ23oQ7P4VkZbRRoc3DV3KX2Rgv9HxAr
803,BypGkHsg7xF2Rayi8RgttPz4JH8PuyqpanCw9bxxYLZu
804,Bcps6TTHVg2cMg4KxbsKs2o1ceXFgd1iayGxGAryPkdJ
805,55GjAkomXuwbfC1VQcydBZGBwCQ7R5wbV6MkbyVJ6M2j
806,FmuUchtSsuhQieWQ3NBSYcYZNKqui3DivpXXkJteU9wH
807,4eg3MW2HpGPaNk6dHj8RZ2dZhzYC4NxpRRaetFsePHa4
808,4xX34iwqmSQyqEZWi8NgDYhyiexVHsaEF4yuKXZ4B8B2
809,6tpMMh8ZdVbjpdgemVjn4YgGGFYHPG9Q3WDcxgL145MC
810,6AEA2CBhuyiGtfjL5Do7pWGjL22pZJmE5ecvkg8Czsx8
811,DmyM9dNc67zSE3sYpDtC5V31fkrKGiugb4ad9oy9bL6Z
812,GL9f2yEQcyvBayd2CwtP2RhXV63Vb941WKwbTn9VBXhv
813,3BHVbhe18zy9ghduk81GmYPF9pZqcoDfrUJsWnqMgm3k
814,EdZZeE6hhAjCpVSdgeLrMKN9JU1FBZo9wJaKxqGW9HRz
815,6nPycYhmXTGanjDLcVcrrkvCt7p31sg4sG8hBNW8Y2QT
816,8NBnGUVn8UE7v6E4UXmyabXEWGkDA7FpyDD1shDWfWxH
817,3kZoMdLKBuPEuwj1c12vquZt26JwSYHF45eQmd6eenhY
818,6a9PnCWC5gWQ6pX4jFH3Czg2wp2ZHhm6Mh6teicy7nqj
819,GmmYztiJ5FUuXmw5JDwWAs6Lcu76gfnq6fJZv1PJBteV
820,3b65qRtTUZK9pADVq1NDvLnmx1ZgjPeXQdznxcf72imi
821,3VDz19WvtrjahM1KJJr5v9c3KTmW1JFSYwukdFiXf2AE
822,CRVYbwEo6STGrRT35s3US6C81Vpg4hTLEjWvU7wExqws
823,2zua5iNvkGRBCVRvE3ipYszaXYN29AG2WUjMRsZyy3Kw
824,qEppYyzCjeK6YSoqpsyvtvKRqzezUnFrxSMqsqFz4uZ
825,9ACvoN5HdH4fYoxM8AzsYK34yChavHZ4aoN6qY31ZGVG
826,DPBieyUtdXNP1E1mARkWKPhTpAB8ptq35DmMkegwUQyh
827,5GedPYCP5CE6AuyiQmdAYRSLiHDPyT5ZjTwLN5FHp2if
828,BhMEC4uRY9bedUk6PRozQEzJGLyKUfoDQmtcr5PMJPvb
829,HJdF2SQmVonKVmsYcSUMkmn3gbzVR9TSrABens94fY2h
830,ALFv8T3wx6e1uCtnsayQRTQ8HLoE67CtjiGnwo38xVN
831,DhazLpgcvNPtBfFf2vuXLYn5gYUNeV5UPHyZyNevrQGz
832,5QfF6nvVxVzpscJtupvjzpvivjvLznaTH4qTYZ6TKjCB
833,5V2pd2GoedzFVUkX9Ed37knhdyhzCFRHcfXRQG5ukPy5
834,6AJGsMeFRxGX2NwUCASvx1at2Td81ctF7adiyTrnaAFj
835,FFHVd4YKsDS2FHooyameriNfTGmFrYCbkQRpEDeX9iVe
836,5chTHfC4m6Lvpq2H6U4giKLjkKCS5AzWvwPhwNDwvvND
837,D5SxnS3fYATeoTgupXwVGHLmLRunZbTA4Cnqj2KY7rRU
838,DMHeVKBBwPN5pEJoAQ7D1ayRrgyFJBKrNRBQaNF6676m
839,417SZKRwJ2STwHu8x3fCcN8H9Jmis5scG4F5vLitM3Zm
840,5uRA2UCQ7UVtSvpqrSvWaY54woDc9X1boZmQsfpMXdgg
841,5mY5rBhwpU2LAbGQra9oGDMKbhRJFQrappismyzYTotu
842,8zK5UWPgxy5KkSumBEjuZmN6R6a9nWb8qnxRGoaUAbTX
843,BaczKMTPohkjGbEHAwpxR2otQVyuzNTwueZUe8ykvikm
844,2AxK16jaKULtdV2JGCzPP96UioqLVhhCk1cu8ehRhEXG
845,CjosU9s9MVJqRGxf6huALcHQr8xYgHipiS7aXgMAGvZ2
846,2Ktas1MynTiUNrKf4mhoEakXXxcBhKHR6n1SrkTGzLde
847,DNuogwygagJWWXmZAjm5CCkeKBAwKeWMraW1876m9CfZ
848,HJeMqBCvQbSvCVzr3JkRn1iwvmkbawyA8b1iBvQEZ8zT
849,JATv3MJQ2pKPFiGx5wUGNHvvGPMnVer8ditPzmiNCVLC
850,94d7JGsh6ceY526VdM7sWMQzz8ncbUnzYekHtKtuWHkB
851,HTy8TE8eN3rZJoPiKJXKN8cqH21JeZPfcG6MWE93MTzp
852,4xfbtqEtzb6AicsvNt6qXmXiZd2EJQLQmXuj29jr9eqE
853,F55zukSxf7SYEE69jDAdbEirwQtPXf7ru64mVZ2eDtUM
854,8SoFMEbz5KkBMorU5YYXLCuxb24KAfWRxQTeW2E6D44u
855,G2DBzgc4kCQYbKfWJjePsFKeDWBkgrPAthj5JRLy1LRm
856,GaPJUfvrkTB7qRzDym2qg1rab1ZQuXHHHcs9AdYwjUgr
857,2bfcCg7HgtEm7Ae7YZJmny4EZSNNvCEwNyTaVBYWFkBz
858,BuXs6qwDQYT2a66WtqkAEuo8erdXcXhJ2FJMrCFw3Khg
859,8bFJQNBVe3akZz3JsiuQabGAefceSTf89ES33SQthbK2
860,BBiKoh5jGsvb1P1L1uN2cHJwagB4yqZ38j475FKvamuo
861,npbDhQNdRZwnPMTVZXxmxBNkNkCNwa3d6MKRYsZyFLU
862,D1r5gLiDaUSNP7aH64TyNiXLVKsecoKuyNJkCJcEtB62
863,3DCT8oHGJSxE1ZBbxt7Lge87kAfW918kSg6kLcJXMkgT
864,4thxS3WiR8NLUoKRLyAZkxsEC3P6UUWz6pEeqAWRgdq5
865,GDMTxbwdwWjG6hDrw9ndmukxQszxBydrjz6D8UQJTNa9
866,7DQzkiwjh3BbhFKNJT4UqhpzKB6SZsGupjpBumu9tUM6
867,CVh8mFmxwzrkYuqDv7AEZae47o3g4TuXMkqdqzwv24h5
868,95Tf3cEqZCVgmcZCq7rB1G3wYZ1ZkmYQR6q1GNQdoYcd
869,DgaCzmipBEJ24ETRUShn22HqgXAd6ofF9hWhu4J6av8x
870,6CHxkWBNfNEeAxeP4EFESEsbpN8S5aFVWrASwgyi4Et2
871,7aEJVUYg6h9c6jhxHs65dMp2j3zp21MQwAbybfFe8qVV
872,EDgi8djv8c4xoppKu7autwVd9tw1iEksBmQPccfiREfZ
873,F8VZLtyZ6FDy9b1hBQUD8jAR2XNgm6t5vsa3boAfSgvP
874,HpaxmRRmX3UhkwsiQxouSZoAbX87uFdjEfxkEjmZ8q7
875,9sM9DUtGzaJXhWuUMiYrdNsWd6gSCADdTQzPw7sux1go
876,ESW2MTTMJGLTzSoARC2JFoT23Gav7GSXzVMmx9rfLSKz
877,JCNdDRS4hcJ7kSUgM1w9CkwjZLEg8sdeYWAVUijBBeue
878,6WkubxrGPgffYK4ccs4k8YG7R8oVcjp6C2ceRpS5LZDj
879,2zakS6ff3asruuLAS1NPQhuahjPiW3aPBxs2hZ5WDFWe
880,7zoJdLHZ1npmDHbvEjcsVEPDHw4PMPsdkii4yiS2skm3
881,DyBRyyN71doHA53yEp1gpxykCxe6fJidHwG7THADaizf
882,7QJ37MV2h5LVDGaQBtqpxqmV26PdgbDszKu24QybdRNd
883,2j1Eh9MGENbMnQXxw8gB4nW6f2hpLv546x7dAjb3HSx4
884,zLuXe1afthG23f1qWHay5wx9DnQZcMcuFEM72ACTJ8x
885,BFv13iKYJXnwmPrnKpHyuipmYVvncdzZyTP88bNF9GeU
886,Dkj3JBGywS7wHgcSRUdLjzkqrXuEbmQbkLJpWSbn6B3n
887,BidJtBXB86MbAHNqyVf9XMA391ESwZvP2yqVwBeJo2xW
888,DbRtPc96CAewavYG1kBaKBymihpkYApHLbajWvRv1dRS
889,C6N8feNFVfzMC5b9p49fqvvdxSRu5QEWhpszWD2NGQdr
890,CNDBLUXdU5dtTCWPRvvwfbDNcDVji8joRaH8qFheRJCF
891,Duq6eBdh1LNs7kbH3882jgmPNLKbd6muzRnTNZEeTYmQ
892,6Z4iFXheyvs9QR95315FAmXfvqUJ4yorGkR24VjWUTCn
893,7GeUr1JHRG4Vk8tJpWJoJ2hwW8eDu3HM5KmBhvtQ81Zn
894,3Bt9z73wbKzDRgxybNH9CFgxtRxNCXz96rPE3tkTozA1
895,A1XLKZ6QoKZmGnkPeAHqUaRGrPA6CxcRGB2o16kcZtLN
896,HeDA8GRcAUzKsvQhstat5fhzofwwUBkMk9jbHG61DyPr
897,BPQHoeM4wAab6VFbMruZSC8d6p1HyVodmzcfh6uZoZbm
898,6UedrpJcRNnuV3dFtW5Z5UTzv7XXiZj2sw9uB7WovcyU
899,HjdazHSsg5DW4JDfT8Kfm2t9fmgxqhH7mqfGzEdiTySJ
900,HRwkNM2hkYXjVgzSS6J1DXZKhV8ouKUpHXAotVKFmFYq
901,5aAPkEiAUxHRUuB59kh8FNitCqQTzJmSRBRT34PDajfS
902,DxuiZs18ep3t6MNEXg8rR9kNFqyfGZ4RfJrvkr6zHYUy
903,2jCKwVUKXvkP1eCqXoLfxHwiSH3k67fjXddT1yoAo6q4
904,8UoUa9JMtnE12KcmYsGrFjwDAUDEgbsFzvSicKPaKmEs
905,BGB6QTdMY8b1wP2qSSsMc5GaMh4PKHd7CUC22KohuyD2
906,GXunWGdWJywiQjkBGYvBGbauaiVmgeapT3L2UGvU7RE4
907,GC95jBkoDAqpbsD5NN2HKU1w95Pnn7L7adTrEuiWoRwe
908,H3LTdfUFtkukoWaAAeT9oMiBBD4Evzgnfuj4DAShqsmi
909,86QEDosjHGLy7FN296XDoYEwaBxfgb8cHj8vDVfroEdY
910,8QEpoDywv2XBHjwMGhWT9Z8R6MyYPmdotEwdNcevGM3E
911,AJKW9yJYLQC3q5Zu6AEdFA9eJRQLDJ3fem73bBiGuLhg
912,25oLZwpyDzfaU92nFi7Z6rF5oxnbX9jwzuaExehVqSd1
913,BBCwC9fronhEcsCQmCKeL6FRET6BKGn9JbdAjjGiRaoh
914,HQ8rb9JWGG2N5yMtdSR44QD85NnpMskg2xXLtek4QH6B
915,3iBL17AkAE2241UhL4W9KjtUe4VtcczhiGCrTEzGCsyn
916,AmSHxPK3aCVys9WfVEnsFdgQPh4QWWeWWyjMJ4e3Haa2
917,ETNajjnrD65Kf1i2kn5hDb4QZpZMZMyhtcy7eaf5sHPR
918,7Zu1JJEUzQzQKww6MaPGYFa5xvxs1iA8oLkRh8SKQE1g
919,D6bXVjnQLMb4Nxy7CfKw4Vz4oHAmmkWfhixxLChBv4ah
920,3P7H7WSpPjRpjxAhjRXJsTS2VVxci59HhoRLs2L7R2bH
921,63N6FaRhEDAFCQg6GUZrKx4GwZR4vRNTJzQQaXKY26eU
922,7KHx2Uc5qsqz652eXbu8Qtabi5KLxWJLgxFzcaBzP32i
923,Be3rkF8dhX2SDchWy7WeRLYwmdCMPtaP2wf2Enx1u1kt
924,uCKPJAMGV8zpTAwFSNq4Gyz7GfqN8kCP3p2aJPcBdy2
925,5ERU8DjbxUwdo5zLCJDrqCyVTSzFaZrpmDzs8CwYfhGK
926,95YbCH3BU1y3dcCKMaLDZNnymQYAkrjnBo2PYo1DYdE7
927,VUJqeuLWKksbTo7PFeL6iYhBLRhQDnaT5g2LK96MyJ9
928,FTgbuJbLygY6PAYZTV9Uoj9eDN8Nh9fP71Q8ToTfaXqw
929,E69roEwHqTDGPUa9CWkb3Y2dSPL3cFZ7g4AXvVdR7fVn
930,7QrnhPUoAi15B7fFH3WYRmR6nSKRuua4cndUgqhyJoYh
931,AqoCfS978D8pm7PyWHjgc766ggDDh238WKGbk7498QpS
932,DBqLVfuVmdAsRsFnhUCRp6RcP9pZeyuiD9JDCvxtWrVd
933,EGrxM1YEc9cjJQj8AeDmQJh3LRn4FrS93ZQUKj3ccjrA
934,XGFZk186maEp6FtE2YMHNXiY2c9kTkUu88ofnnBm94j
935,FGa1MYouMfxDNoj2Qg2stqrjgoNLmHubV4S6JXrSXCho
936,5nZMPyMuo21TkUu2iREjZoKGdrm2dTtaAgBDABrpjYDX
937,61JkbJ89So9Lucbfgr4FSmYM6zdaTYA19Viaa2ipLBpJ
938,EBZC2pLAJEjbTA9MjQc3FZ5rySf9puRsqDozYQNKgjVF
939,hQabkzGMJX4PrfzKnaaNdFankfTcJHZk1rMs92qRBoY
940,DUSFrL6CEb5Qzqoy84mEkwxMvaXqRw7XYiFNNLh12GK5
941,2RMKZxghUnPQAvPaswwHmBednjydZ7sMYoJ4pJjy3aZG
942,JDCV4pLGpCGM3oUQWPdH4YQaX3Ju3mtPMs8i4NjnWX6m
943,8LaffEyat3yQqPTP9pp3YWdvGBDMNCDhdvzgU5kNvRrU
944,97eWVhMHeaFan2wLJxdrBjyMGkdFqUsHSurtMkp2aEhW
945,5ub4pFGXUCwFcUUsGdXm1zifYeFZbnDLcwEk9uLN84TQ
946,G1Dpu6Gq9AZh4LWtvtgZq4GCEkcEZNwZ14bkHCbuJxLP
947,81eg7veeFvFp4bnR4PNRvZkj6FgWbAertgxkWB19Jfr1
948,Hm7zypkTyVf1UtEz2H25J1VEu1h11iDXCu4Nwi13J3Ei
949,3BG6vuYa17rDDaMt47DuVcF3sGeUKK3KfVbH1C3FVNwy
950,FRAQs8rq9bHuSge9UmsGGHpJ79PSwB9wfzBFbw2Yv6yk
951,DKQmW5SERBzYFQrLKSVHdMGWjGaP7Pi7uEXyeuHZ5XdH
952,6XjA6FYcBfocuHQqJPW17bnDvjwTbwEtHzjxMBjM7TAK
953,JBNWBeeLFVzMLd13UdYxwL3TzCwpkXCmqEW1f8YGqU8S
954,Ejbr5f6WpRbShRb1foXD5AMRquThJgiHsNGbVsyHnELE
955,GZGjwp48dFT1GxN9Jh4J4HQzxBUFjDBBeavJXZ8co3tf
956,PEYLQAy49751E3d9BEUYqGkXJ5CYHNyhoTbVehskQ4H
957,77Y7rfCi7dg8VWK1pFTUPAPrUWHHDFPfNKMtVoX5oqco
958,Eq4fUs1pN1qsDakAXPsgaVojQECv4nL1zr5weSKLU4Zc
959,3UCaJuWxvaq8LoYcXLaDMZ2usfu2v56UtBgsfBJbh1oW
960,3FY2ZbCHYXMmSymebyiWSZc5T6maMPcRacUHU8huezME
961,6RTpFbZDyfErAhEZfpQ8rVxZwAiMLhBNatGTEEEvndaa
962,DoXPKaAioiY7YFUdzE1ZZoUb6SvsGhnnZc1HAtAfeqeb
963,DVDgDyF8R9cQdpbmaGLNkZTaHGBPUkaDo16SkXpidwDA
964,GxNNpHucrTPhtWb8y2CZd1G4QJ1ZPJm8gVfS9nL6MwxY
965,CeJdjB4UhB9kRhThC8NCJM5SZMaTf4iHnQSs7F13fwDR
966,6BWsHLgGp3yG7piASSjU1kzNaoZUAUTAofqVtdMemYWG
967,Cg62iH9s5gSmBdmtxTTADsVjZkpikdfUqZMtYVYwJa5M
968,59qhPuB93u1VNEjGMKi5FjWWCCwsTpuAsULWVWYdwuHB
969,DzMDGex2uBDQ4i3aM11y7SWPsLYyme625PkKecdTyQxu
970,ADp2NbE9MjVUurTszmgWr1DiGE3TDaikm3fPNdt1c8zN
971,9uXZXddhpSyJJ6MLjJMFLX5gLBbv8qUbobRf5jsLpoqZ
972,3Z4E9YNZtc3zfo9GXmeZAdHAfdx8vm1oFmBJJSswBkGM
973,B2CC5sfjqYhExPEymn5Dy5395wzb61cVWKFvho66kRNN
974,Gh28bbyRAi1ZszHZEohQBMEkcTPpy89ZNqKDtcCmWVzT
975,FbFwZZarFSLEAmcjoyUE7hq2kT8n36nLzMn9K5VHvHN
976,j1Ta7bDU3VydsuBx1twUVAqQDkWgYJMZihX4UbuHmFr
977,R6nJnQSdYwwvQivvxU23CAKRUm7sxKUhyRRYPJQA3h7
978,21kKTs5Gh78fw3QDVA97JFokeU69yYPJ3hWHvxhBenpT
979,5bmkjDKJX8zbhTFJwwHXDRBkUGuVNGoBYMswMzV4YxwL
980,zMXQkQjx5fYXisnVAvumGccVDbcPTzTTPjsdWC26YT8
981,HrQJUGuZJTDCjbN7qf7X59KzxKP1tQ6HbkpmcgXodPt2
982,FYgH6TXkRYjxTmcyfLSXxu2ydf1ZRrQYiWANAMoMhpmD
983,EhBJWJavhWsZ5WuxG2TdmHQ5noUKZHHiqPjawJ7GZTmL
984,8Zzxst4TZs3GZToLa7uvcgUTeUV3riTRYQSMCqu4gCyu
985,8yPjC3xT7iHdoUXFSu41sgEHZJkAR3NNNRczBpSAeLZG
986,Ch47yrLRTV6zwghDPPKaF21zpJ4dUgCidcyEQva5mSYF
987,FJgx7Rf6tbJFLNLKEz1zW4tURWwXZRHamSzh9XVJoghd
988,75zVK8vS9oFt3HupmoeeAEENA2oYKPE473nxjaJhpY1R
989,CCEUAHjunAcXpgw3PfxZt9XyEEN2YPPfGY1J6fZPW6BL
990,9zK7SSoMPrNWLJ18GYNwVPe4Z79WFLjXazvmvFfULEfH
991,6LA7yDFvLQYHdjuXTXUpjcRn3TMGV5ZX2LX12k85A45y
992,D8xcgrBNDU1Dxtwpfwsyt3cpiGb173F7Az5uH4fVSojB
993,A9BZ5kjh7iKu7SMzA5WUF31Zst9V7fehwDZaoKs4NpSi
994,DSXmxc5CvsLq7c1xhkL657vE66DdnBf1gjrCNXbpek1R
995,GkYis1VHf7QQ2jCK8GDhfUtJokG1wLSCX5SLsYx4rPP2
996,DiW4X6V2JYk912XHomR6NtvWgcyDKwvPjYcN1Eaa6mRw
997,7nFfjPX7oFh7zb4ujewPHAkMebDkz7RHEGLSQKwtSNoH
998,6isvtK1FeuWndmo8CeMt4Yy42uyogpq8oZkXFNsnezgb
999,CHDzDXTciRwApZm5g1R28QKoyuN6UHXWBrB57Lj1Sbbm
1000,4njufpjRWgGYtJdqR4Bw6s6qRmUeucwuNnmRj6wZyJHD
1001,A7XqMiu7NdDVwho6pGy8MFpas6sXGb3hTGjLeDt2gYzy
1002,prM1MYqeJnXDKSpNqTs1G8w6q5z7ACZNG8MJ4N2fBMg
1003,EiHN3yPhQEsSGpZvCf6v8NWDaNH8ZsTo9QrzqnyZhDcw
1004,7V7xjqMPhP15t9ThWhRYToWtFnxQVFbdKfKY4wfWexM7
1005,7x7yV4G5VYe7F4BGB3y9h5zp1AXm24QjKLNCsBW8NDMh
1006,C72tE7d9FvHC9z3ToQWMNVu3w2e4vPFRxmQF7yPprVkv
1007,7P4SsqgffAz3Evs1B62pewwAMt6CcStuvhriC77Z34j8
1008,7QqNSudWYc5j72hf3zLBqzZt3ioDSoyvY3vu1jhz5DTz
1009,PgnGDsijkZF1HAZbrJzWjiXJiF9MSF316fokr1t1z2a
1010,2Knz5oKP4VsjF9PkA7WCyZWZsBig6zZMcp9FH6aRLwjP
1011,6a3HzqTWYGmVHBFaXGeEZptLPVq2jvnn86aGKobGFbka
1012,8FQGbYavwbpeuvzPAdLCKPghzBByBgjHdcwMYFaEPbz6
1013,j7VNNkocyBwnmBB4DHBuh3ndPSzknCVYNmgDL41wUe6
1014,7YgcjFFRQozF4hmWgozteeVVPYyBu9Cr5ntezHdXdQBP
1015,EYjyZPQnQERef5njk9MuKmFLk1JcgdqCCDad39KvG9ZE
1016,8mFK3YUvWdhcbLdEJ6cvDaihdeZdiH3KUiPLnC7DPTCm
1017,8ZL8Co7q7v3Mjo3V2V6nLiMsq6SFwkW9Kqpvnqq5Swg9
1018,EHQyZHYPxVeQTUmz91ADGbVC4gEPi3ANEMUCKDjPUumm
1019,GWYcQRfxaMTpkAGZiQFAbvmJtMNHjbApL5zAgB2GLF7V
1020,HJrYczWnCWYRdvTEzHhrvNB7foHSjG58WEcHgPLBn4TT
1021,7FkZwV4LkwUM56meUJD2NfeJBeYJ4MCWpxQhNg1qvXyr
1022,7gUPcF2tVUj6jVErC6R3FTbDaWLdQpd512LjoPes5ivu
1023,6sbNxg7srypTN2TDGWEBnKdVrfU6E7nG1pKR2Mqjv6s5
1024,GRnrWX2Y1eEjuovF6QHRWYwygV8SG8YJ5MhTYaLaVq3C
1025,AbxS3FTPUkS7sc977BmSLmRw7keDKyeERUwwcinJfzFF
1026,G7uMhBM3qrGHf8bkthVYgzBh3xcWks8anKLSzvox6Mji
1027,5ZyL417ASDGiEFFx6D64mjfjaQrX26wwwd7fbJMBwhuT
1028,HJ5dGEcviTz8v1W7JWvsxV1kExLeCvD8sAkoNp1vDF89
1029,JCuEgvtyhhYQLd5HcdqtmmnrHMrksyJ45cfXJ5ibchCg
1030,BUhdf6wBTfGQXSUzESziwHdYQft67L4eDxEsUJcQMeFc
1031,36HAZeTMhnf1PP7rsiqmt6X1GgQUHirEL5Ygd2iss7fw
1032,kBXWaZ6u678QD61DiEpU7Eqfs5VDTsdMFXUyebPKe53
1033,AV5KE5D2cGccavqN9SUUXt4dByKGUiSvCDoRVT5fZyWE
1034,488kbZKt6NgEorqzfDfLmjsEQKeJShEt6tiSDhupiwCa
1035,6oSLjqovncUjbUqt8PoniHoVyGKXCchzeknhzmcmmkUb
1036,8fRvhhqAKPq3zNDS7aEVtuhhMa3MD1jHEDHGyUHCJuaG
1037,4GbqFXbeH4iK24fUo68GPdx1nWTAghCRAjnaizAkFjed
1038,D97RS73pJa71aA5jkF6KEKkjyrDSVAa421ZFYdSeTVkk
1039,7srP36S7BvBZbYZ1r9196mjVttUBL4cfn2qkDEAcwKZV
1040,5yYTV2KJezqejKMJfnhQBLmVfRz49BMbm1AtCv74vJLb
1041,6dn1FCiQLwMeNqiCdbBuZ9QZJASAxBnUNKUWBRnpM4NM
1042,Hy5Kor69ESjegaqtQtNHdMj6woPvGmDw3Wm8BDFSUTds
1043,8hmZ2wJFfJCHbG1okrE1HZPM4W5iXP6GSZzUYtetFdBU
1044,3iBmMFRe3enjS17dE6uv2jv4xReBwXrEZEbNkqNam4ae
1045,APaxnwCASaaxuPbxj719hGYmxwxShukuAcwyyjDg6fwL
1046,HTVuG8D4ZXdA4HrpLZVjvzYHhKCYw6cHU8VJdbL8Nats
1047,CipbMrrWAfr2kopGNankX7gaWXnwhPbZ5poRvXfSB6rS
1048,Be37b6Ub2ZfjQaQKyi9dUYcUfowxtmEQ8MuMJHiwPQWZ
1049,FHWJxMQXeX5YJAf8tT2kXpD8NAnwoY7L5EPJqspq44cd
1050,4U2ug1Vmx8tUBbZCaEqUpiHLUnzCmiXbGtK3qejaTAkz
1051,3scc3KJrKoTB2mDy5M6Swpy8HZJvKKG1k6Dvu92PownK
1052,DceBd33HtrRe3DASRugJ1WEg43UDzHmpm1wnR9wXAp9D
1053,7EWVmRS39upz4rxmj69eJsTEKHEPU5FYdD8Yjrba4kjB
1054,23NmFyHXKqpY6EmUCzDdfG7SF6Py4LHat8ATJo86hNn5
1055,4qA1Nwn7ys4Q368ocPurPf2dMsJtBCQThW8FF9Du76Vv
1056,F6ur864zWdHKo4XHoCD2Co7q3toQSx9Exxq4oXjD1xeT
1057,GoGVzncCdc5qsA9SpqHBpZgixb6BBDFCPsT89UTGGUS3
1058,HAAyvzStXH85sUuqwSZdy3ez5GmgS79WgDnvERA2XwDG
1059,86Dmd98KwhJ3oBuzCkcKJ1F1PduPSkadR4dE27tDRJPS
1060,5YiwfWmbuNRWE4D8SyMsuFHyVbJkbS6cXt1zMTX9WCdA
1061,GDAkyLqvCyPDqN1sw4G7BNPDNnJWN1wtfCTcC7tfiRrk
1062,4on48yZaR3XXKXDtnxg4SYjRv42uhFsr6TQvJ7ht642r
1063,6889BC57CmbqN3ep5t4TjWCdRdZsN62WW6PtunvYskdx
1064,5dkbnAG922PAkznuKUfPMM5zX8VxxHKCbSqQxiaEamfy
1065,27VmxhcGp9j3GWnhtLwgB2BwMYfJhaaPedM4aPSMh6Fk
1066,CVopPGnhvQn1fqXCyM3xoFSNpXJx5K2xe5wAWwNeCGJN
1067,DozZoxXfrmvs7YTDmF8CmhHjujiyUs8JmW5oP6ZPZQ9x
1068,9SYnkfYZWLHh2quY1BoLS1Dm6pBnYnnQkZzeJ4TJcgp1
1069,BVFTQzEas8kMPkcugksaTTuLnQJ8ESxtLryk4ngdyvjU
1070,GDuroQMUo2A4n5nxAU7AJgJh3pVXkRW8dXaEeaA5bZ62
1071,5v3srropNPW8gaSR7jH2G6D7BATn3xvCsFXxca7FdWSM
1072,4cBqPbQdxMcj5gSFUkQrLg5tnDEeT7yv1eamQ8cWzJh1
1073,CuGivCu4xPj5ok5Z6Eq2uL7jRduCHq6XUcpJbTGDT9Yk
1074,6WnAJCQNJUyadwzpSKw98detTkshKyDuodghhZfGyeUW
1075,2Pua299aUBDDfEciEnMzD3tw6PirzBZMKAv5TitevxMP
1076,AmGhEhDEjeVVbQLmw66bDvqfSC5NF1GHBLT3dw4xUphT
1077,JAAXk2mQug5N7pjQYNRX8H6qZDd8nVnV4LgMvSFKmQSo
1078,7LKivYzQRtrqKp67rTBrCHybBc1USSXbVuqeZZB6xZyX
1079,4jgMAwL3wwqkKV9rBpiNHGNNVxeLyRFM4pd7dpLjDVLE
1080,6hWApD1yAHNUfBXUTcCCaVWd3GF4KHHkUFqJoU81gqcW
1081,AMRKKdSwGqffoxNv6JV5PZZzosTvwp4gCfHDbVqULqbv
1082,3TJYWxRk5sgaAbEXXoYEsUy1QNHZETsnEMsMmezzERJg
1083,5SecUMKYpFc3LWoeswV5YPjJXkxhoV5gGfQ4vNbtrdd4
1084,nkukdgPmB3Yi89XdFJgaaMAERW3XN2nxLdWg4HGt1fV
1085,GznuGwWYuc5mq9qGwx9JQgCLq1s2o8L3DakrxsMR13sG
1086,8DUMdt9zbYpCFLXGZnciF61bRdwVgcYPdgvCTVrKoEpr
1087,mj3oVWQsZCksRVxV7zizUtjiNgnq69gqNo2ZWoiWwbb
1088,9GhPgSxp3zWRyh2eWTxPtTJs19YwUm4H8YjrpFc5oxNC
1089,E9dae2gWo8jzpSMcgGw5uxtxDordB6kR33mcFH9wDubE
1090,FykdvhrLX6uoPGrb3oB2NtTpDbL36mTiW9aNEzm6bfxJ
1091,XdMtKEbL5ej7S5n3tG4w8hWBQn2pnwYAAs2gQpzt21N
1092,FuBZgg3oPgQ7tN5W4EuMwzZrPSs5sdBSD4b18tXABTyj
1093,6XDSJ1VhTqL4WgH3NBcZcpAWke82o1WJn9vt6ZwBogW7
1094,ANUkikZTPfEoBrqtveRAeNkvVqZv335H5Nvspm6u9Ghh
1095,CVKX9CqTXqS6xy4R3J7GkC3dQQELhA9orm2SUPaba3Zn
1096,9jq8ec2Ji1ctFB8rSX8e66xNws8JkoWRraUb7uXW8obT
1097,9imXvDm45qpiie2rFyRsqg8AXtWESKFuRe7zUk1DaeGA
1098,7CXnQNbXu9oPA8YLa2b7Wa4nRTX1LgimY56pQRWW4PAa
1099,6fgdYVVy4fqaPJZpRveWubonpuDuxdE6vgRGY2YTXE6Q
1100,84pHRYn93QY7LzBsjthj5Q74uNNABAzzousKvEXjz2qt
1101,2ibdsbmRTj6T5uVopAzKbcZrwzCJhyoniDz9eMcPPfi5
1102,8N1HyPCxPaPVTebcHeJmtTyypoFUoKs1LMXBmHZjAhaj
1103,CjVVZF6KhZ4wTi5atyyurVWAnW2LSNB1aN6AsrGeMB9S
1104,BakUUUMkrj2beAERE21hQTftyzBujyRHyJnDTMknqAvH
1105,D1hn3rs2wzeVcwdndosoQ6MAXBVHdZkzCd1DYQkkwRdP
1106,8FTk6NM52wG137iZ2CVWSxWmEfTuA5ZTJ6XtkbpfggsA
1107,5DRawd9vyCDaaXtq8Rm4XjuaF24DvzTLWnKxoNNUswLF
1108,41EYLAyZiRAARgZDUUy2wUTGLias2y5mpxiLBEcSYLs3
1109,EzrRSrqV3UYzjJaDYHzcKNo1CtjdQXDzhTT6ec3QH418
1110,DhWA9bCQ63hiidTKPHCucTPTy5dh2piRM1pYjkMuM1iG
1111,CNoVY4q7wXry4neSArHLm8GhVAu1pUeUB1kQYDn3tapm
1112,JAqomNrnJEyewzeAoqAv4FHNdroXn8Yxypu31Xf5xPkB
1113,7kT793GpZBjq3Lu5qMZm5jSEVAcQv7MJVkZcxRTdXLML
1114,Fe4yQVFiJTYRCqxuGKVsx9cRnf8sxttKbsmZtwWKo91r
1115,CzZ8XmCWnGFc3LR4ZexjRxxiV8Tku3MyVnM2oiyRwkCt
1116,4Tcyovv5CVpEj7YzqBaiPptBdA7nVSXGCWXTSJZK3w12
1117,6wnL7SBKXUXiPz5T2BkSs59uP5g78CKrrbFpxmbtz89F
1118,2hGRMG8zpMXkMvJ9u4tK17rhEgymLBaJBT9NtR6RPCMh
1119,6aiVX4v8WjVj6YZcsfLS1gubcuR4NSR87DGr9gHzHEBb
1120,Fwrq5Ux2FDt6sCHrtwSm5sexeUknMZYMn8AJTzSJ7Ayv
1121,7fpA9o6fYp4PYSZ62fBrRsXSmBXJk4EUde1wT2wbYta1
1122,34BorMf5jSBP4a8VPSg94DF67iKzFDbY1UrPEHdXtoWJ
1123,4zFrccrRpNEBchTk3dkxZyJ6xRs1un2wboY4gKggNgA8
1124,7v4xCCGw39MWKzwTgEVkbuAHbr4cgLnJupcuatVkZNpi
1125,GZhDgDNNhZFJjwWMcz7v7STtPCesQNsPRHEPESFHe2Js
1126,54EdQ7XsVCCPL5fyQLivhAzzo1gLadTbfkKsE7P54ZgB
1127,4GLRDXRAZt12XGAqMW5z45B5tSYiB6YtJnGad1BstAqP
1128,5cShNqx2E54RJK49myPhE757RJAEgnGKcbRqPVW4nwjC
1129,9dRH1QAQUh1a8tBepqUe5VyBrKduK4Q2dAaP6sczaqQ5
1130,5f9EHkukap4xzJLK8SNQdeMZiA3yYf4guR1x7QUv2hQz
1131,4hyM87TXpg1aUyyrACWiPtuVWoNe533RVkoYRByNb29t
1132,uvpAKTycNTF25tWqdYsRTkG8cVQRh6QctvUYhio6gYQ
1133,2jhUCL6JjV2gFUrGurGUVgswWYTxmuNzocxFvKJWqaNz
1134,5VFTH2fJRL9D72oh7d7kyZKsnAbREYXErPBUfKniRCaD
1135,BnJkMqZT4h6SxXJv2dzvmdH5jhn2WF1JSie2EBjJ8mKG
1136,41PUxCJnworYc2vGhfDZRjt47ZM5pZnmuadfF9N1EgK5
1137,CALYssDjGxVbRQtXkGUCkUikLqhSSqFSo9oVbFpfpCFc
1138,FKuThtLx5of3JwKWnFBSm6DnEShrowGCPoKVwbGiDReS
1139,8pjP9QMhDvzARCA7U17PCKuaupZqixytn2t67DWA3Qvq
1140,yNYpXFx6nz1ZnDb5noJ8L5riTpCKjqSFiRKXWd2MPNf
1141,GJXLhqXZmwppfp5ymGFSgAqJPxtsgWt3bXJ9ariMtssb
1142,9FW4gr4K1hzqEf6SBLcH6XoTbuhjVDTEyaLoUxbc5bGu
1143,H1QP9jJAGSZ1XC5FmGdSBbHnByN22f3h4mHGBPDwqmur
1144,CufCqVQAj3R3ttaYszn5gq1aPyq7ibKwFY7yS7sqSYNc
1145,qkcnmNSzvanNjBRYa3TSyGdfDMc5HrZonkXcQBAqzao
1146,EMfAPnuHa5KnXiJcXq2T93nmtTeaUj2db53i9LZQnqP6
1147,93FHhHNgods1b4K3b371yU3hvFswwAw2iySNAUEdcjgn
1148,3KrP5fkrRAggS1kKoTTvJcnFq53FC8Wj8s9L1s79RNwc
1149,5HgCS3rFUHptayfWZvSuiiKDYxpqBoetksDoiqMaSFY6
1150,76dDPnYqV5QjtJLdXw5tWh2Sq9M5i83VmXbd8riPpouX
1151,98QFjK3bAprYjAebUiE6WwSCgp2VjN78cVrnZyVkvbVx
1152,8fVtLNbq6Qq4wFshHUVyunSDxNW4k4a9ua9EbJDzH1YH
1153,BSv7GXUAy2WBB1svu8BDvwufHZe76ms11idubk2Low1Y
1154,A4BfVx5YcSTa5N3X2enQZdKaBMjHA9M4ANfFvHWaaseD
1155,3yaGaCzBnW8ugn9T5gWpQheZ95mQyUKSHzec7DsfziwY
1156,3ntqXXLHT7K8BKvNNpbxUvVWcMiNKiHQmFUQEL3o6ZMa
1157,69oNCYqaJ8UuQCzeinWziFVAdHn8J6HZ2y5GTgg6Wi8k
1158,FRgYM8AUf2nMLa1prSwUiX6SmzWQdXywNYERu2cx1y1p
1159,Ag584egoZpHtyPcw2fBqQ2AYDHyzWiJonyD5Y1Fr6ggr
1160,5QiGBSD7ESRvgVvNKRemhzeEUJj17j59ZPsPLi4Gcsrz
1161,EsTJW5xFiC3FEvjQt7TPTxhHDh9Q7JiNQmXdVdBuKYSw
1162,7E4JTLHn7v1pLUe1gExDEfwtKK817QRWUczUNH855RUP
1163,B1XxNhVeF97zUQDEoauCmBnmc8e3GEwcY9ENNRxUkbAT
1164,2XBzPr2R7KwBrCRDjEPeESTfJZ2Dcog5pdKYNyArxAX8
1165,GYDn2a3ZZxgMFbxbsQf39bb8xtHX112P2Lk1vQQ4uQ6y
1166,ADiMZoYk1TZ15FZcfPUJHbvBgrZrxYA2L2Dfti8SU8oZ
1167,6YUJwTwp9XQL7fvW8ssdZanF1FmWRUuBfz1fnJW5EseE
1168,DN5mC29A7csM5Nvm2uqo5cGrRpCYsVpgpU5sVbqYTqu4
1169,VJ5qh79gc7a6m568EyycPFrec9vGXoHbr67aQJCHVco
1170,HRBxMSbemrgRSkFh2uQYgCd4bd5cdrm1intxw9i89BQr
1171,54fH5utEQSP5vKPzWM27k91JCeYWJ9hnDXmEjSvsHHhc
1172,CZk74oMnpoTHmjKuqACCUM3wp3euGqHDvF4XZh3WnUCA
1173,FF72Kfn4Tg5heG6qwsrDRajrL47E5XZ4rD9U1c9fLWot
1174,551hLW9m93UkuVWBNUhPJjPBn9LFkY76jojHifyjYsPt
1175,6pAQQSnQGpeyduw2pCKLzTZepXunSWeTk5uqHQmSp1kP
1176,83azdsnQJLFbtQD2BRpUwGiSwD6R9x3f7168VgeVUp8i
1177,AZhuTpkEPbtT4twi12Byxh9m9Tup6NZEwZudSAd9C2vb
1178,CA1KcrRgLNAoiWpQiW7R1LQXHTCDeAgiGjo9Uu1YNAoX
1179,J9QhR1hKyNv28cvpD1VaV33Fyx7KuX85YCbG5ywCjnUo
1180,3jznCW9RHv2zwcg51VaXfmDrxroZ9YKZojY4APZTUKbp
1181,34hAePAhftKZzdRN47wrgFd9Aaw224o2LFwJoYrftW5v
1182,2zMUB5aGqETtp3ECosGo8ZqTYvByM8ZhiTdsFGP3VLfg
1183,4zn8DnnSrsHHRbVAJWehwQqaFuA7GeSMA5TX9UNwamxA
1184,GGwEwsFAb8gGXQdLBvd1SfdaXzp6cN2qBe7M6bCDi32P
1185,HDKXtYrMrSxZ9rXrSYnVX52AWVvtsojNauCfxcooMdJb
1186,4qyuLNQi4ryMP6qFT7sSmrcYtaZXBxpo5nAQy5y5dbAr
1187,CsyXxqDD1tdcTvukcZ81PNCzHmw3XnnoyCCbHtRKdtfT
1188,C2xmhXpdbBYJQB1v4JCKeUGbH1dknG3TrfcdNEHTx6tg
1189,BM7s4yWrrv9UMarqzT5gzK4DMPrNcr2ymqGvStPL1UEu
1190,7xEd6Mvm7FD82uHrLBXaPL212c7hHUPq8MzkX8QU9DD1
1191,2zS9KcLfMYd5vnHkC2GTgNW9AQWy9BYMupebQi5vufYr
1192,HhLNjmnbxJfjn2MzZ1J4vdCgFAmx9grBcs96EYceg5uk
1193,9tdi93RzFnejMNiipxZxx7KfGkrV2RNx7Z97aiw74wFp
1194,DqGVTwA43UXkHuj2fdTAnHPeMomh4xCfZt6Ah1sdt3ZU
1195,Gyg5bqNj8fMUuw1rLndWaVxTvvQwwfr27x1DV94Hp6dw
1196,6xbkvaXdDAM76sxAVoCtAsMm3mRfjgQLzoydGuveixcq
1197,Gf4UyqvkGKGsNa2PEggcLoVSgTJVq4Um4uY4RuVfLVK3
1198,12wNRVCCUKVyphLq3jAyFS8JHCJRLB9w8Ej6drSNmYP3
1199,4pdjUp7iNpunmG1T6F1kd79rxHpUPRDy3k41HnMYU5Z1
1200,cRoz2PYJW3zsVuxBA8Qt2hHXGQCGyuduDAXvrmRCjSp
1201,2iXiEEE4g9RdajtaCZKcFSRQN1xYXu1F6YbPGaVzg6p5
1202,5tjAb3ueZjY9kpD9hiBbhmyhFZnPrRDzwETscCpCha1e
1203,BXunQRNix6r4N7eC7AnPAssp2R2BJ5whLDaKSVEEDXgm
1204,GPJEzVSVHBVeW3v362YyhFvHqR6FQYFXG83rj9cZggr
1205,D6KqfHrndqDnisMqPhYhkLSii3P5Bc6XUdeu6DQrNDmm
1206,C4KvBa8YzeZWRcdKqdxyMKQQ5zoNFXuCi2dvq6eGthS3
1207,FDDdqiEDmm4hC7qU9ukqBGWeYPcy3RimSdQj4Zg7RRBR
1208,BPsaN3JrdW43odFKttHTM5Sagw1un5NZXZ2zSDzDHYNP
1209,F3uC8h8i8JQarW94b16brjvNLAqVNABnTMi12vnQzpT3
1210,CezHgoZvrT1t3kGkSMTVV6fGGVHmq42L7Z5f23XRbt2q
1211,ESXExCC8ubYbeDfZAZyT7YvcpX3cMzegybpxWphvR4Di
1212,8LjFeu8Ey6zoCDxm8a8ygonaTEpQMC9yDU4gBMreiycY
1213,6zLnSnLynMpSNSu4ed7J6fT2aRvLks7ApaizDfYdmiHK
1214,H6fVnghBUSJRKp2mxSG7Fq2Lr4dE3YMS7yM1XTrxoe3Z
1215,HRqScQCUtGAjVpp1hB7JXPBpgsAmMZN7fzb54vWTZJno
1216,3eiNNyffVEpmdn97KLaJArKz829N7CMt1GHCPd8uftCi
1217,Bv26RX9m6tt99uxFoacNi841Dj4J4udGjYMdLitVMofE
1218,BHRnUh7wMUYqaBvWrbxctGdKXVcsBLkwKfk4q8hW7vui
1219,EgwUZcpjaxuCeZToqyiipfdYDxyMonp5iUxBSegkZaxm
1220,3ZgoCEYUKJGZBugZV7TycAKVJDL7CwXCMbYBz2bwnHXr
1221,HvtBfRKskYoox3BFFqMffTF83Kjs1WWLdJ6GR7MTmJAM
1222,Ducw8wwAFb7q3TWDQthYiXhw4cbYEnWsbBnAZ41siV7P
1223,5LsYixox5LC5iw1axsSMey1g9wyM9d3BK3MYTXu8pdsk
1224,2deXszzoYN1b8q7YYZUbEKevyBftN3mEm5GLDT1X4gvt
1225,FTk1yG2Aqw1FuajWdMJCrNrXUCHsqoPZnsHEex9aRDAG
1226,BEmEntfxVrk1v6ACkNDC32ENuW1dHMafmTHjmqT8v87o
1227,DEJszMuowzf8P9p2iCM76U4yoTQ2gVwTixtFhWNQv5hD
1228,7du7cazGr8H3dzDBo38DwqqGwHnTC5TfQXNPBPnu2fRz
1229,EHPHxDHKASG1kUq5ytudpF3c9g5RBtqxbhXawQzGsmZA
1230,7ygoLCb7xgrLvfMNL2gmkc4698hxBPmafi9Ugoeq8tjT
1231,BMdGCSgodMDRfkppbzrAVhGgMGfpX3DPUcnFooiXhyEB
1232,E5rSqyncYRLQPC89qcsJYYBwyWPP3ja3KUWypowC6HdB
1233,DjUGwKj6MKwcfa5Dp5V2QQqpV4sxumoJhB8vtL23Kk2T
1234,9x4C6fdksXcF2BxYJTdCqf7Gc6PLsFFFwx7s2XxLNU7S
1235,9b5c6WqiKuBa6ARf1evmyrDZ8rYv2VCgjSDME7HFbzGk
1236,GAz612DpHGypCwkTJgRqdAPZ3jR7QXrzMdAaj3Uxy6v6
1237,7z5qrjEwQbkSBF1Lt14AkXDC9AC47B8tSo1ivCFzmJBj
1238,5FzqLqMJ1JESDqp1FdV79LmGrCk64VPBR1xobPvSkoBr
1239,7FMvEYaozxfQBpj3LJGUzkfeNy8YuRarov56UaRCZWr8
1240,AbZyddc81iiQpQPhnsU5WG7P9p76HyBSpK89Cw4Y9ucH
1241,A3xx5zcsEkWS9eXbCxw8E9JeGR9SH2s8yh2XYdk5vnmS
1242,Dszr3LbpfBMTS5FBJYdcwNFTwVSyQGY3VNhTWP7HFpv5
1243,4VXcRQ9QuW9aFkRawDsE3WgCY7eGL6tb6KpxafSf1uL4
1244,6qWP977HvKLis7hkZdSGgsn35yUGk5FS9SUnAgLJfojn
1245,3y34hmyz6rsVnpp7d6a9s2Xw9GdezLU1H44HfieG6SGG
1246,3CcsRHYgzkUU61N2pF9ygwo6Gi2a442knHAk9Ri8NQKK
1247,8KPkmNyoh8bxhQzZRRTVPPfLeLrGp9D5nWJeHvUScRaR
1248,EJsUHGqhLj7aCFkbUAe9GofEfkBVLZpFQ68YDEVPHdJx
1249,7PVkK1HeTTN4gDonGpBuphnsayNfTrhxHk61oY8X8YyH
1250,C1SHhdzLsDZcqaAbMPQy8c3vV1kjs4kqk2C4HyivWFTR
1251,Cj5nCtYa7sNRk9JjoUUJ61jvwRwKrURfxLtSGFFssmQR
1252,6j2BxXb9G4BE2xmHq8zRaXkbjJgHpttAc2txX3D3Q7XN
1253,BMsEc5zxbazEwmarXwKZwDjWnURzMZT8TVWggXLxDEbi
1254,43k5X585qybeXFaaDhWYU5Ur2EAbssmXep5uJ3qht6tw
1255,9MfQGBUWtMyFdfMQuJjRBZSNeTYmxYx7PbG3tC6uYMJm
1256,DUcfW4FTQoKCxVknTrukuy9N5gdvRkVNGnndxZMLVWfT
1257,AVKkHUWFKJPCwW3CG8kvM68f3jo24NFqjp1aEBZfEvfM
1258,EKPeNExoZ9ExLH72G7J8AFUN939PnjdXohnQK5MkWCuV
1259,4XCCMReNxu5mMDf2tqVBsizFecQqJ3sSczhjP8WyHQCX
1260,93A7cAejwErx6YSEDBSDAouwDYL4Sanj46A1sj1JoHnX
1261,C2CKHgVBPyA3n3HzHMLRCxakxEUMAzrWyLHAU9o1WgyY
1262,FShE9XgRuGrQymP3YufsTejWqZh9ZA9njBmeoEbsAfnf
1263,8fvG7uUPru83hqf6YUbbftqWf83EcGiyVbbDDTwxtRF9
1264,AuFvawRG8Vx8ieLBBjKrVzRmKMHjbDfMan3VC7NDReQN
1265,6mS3NYz4Pw3oHdjKeytUdovtQp8dPJ6DUQsYvq3YxNXk
1266,7ZsEpWp5dTnorjAAMDsvU9j4cYQQNtrXiipRfJRY9QfT
1267,CZf5cna9qs39sAjA2dYqT72XfP368ig7BxHmxViHTeiY
1268,Bpig32rp1UCesWwRi337UdiUL9q9gy87oG1PuWu6RYdr
1269,GeDiL8X8PvDyEgCAeopnSVzwAzZzS1sSqGA54BBnKLqW
1270,9wZkaWy7PZSLQtmQHd6VnQRVQUfKWbETQqCWdXf3XVjp
1271,EWEWa4jZANb7VmDD6E3KHVkvUceHQQkeTANrJtb9P7dw
1272,FUGZ3aPJTazzir8jBsxvYrP4AXCvN2XqJqML8TomqhvP
1273,BLnb5NBndm6F7TWAaXYjU8YyhSw7wLCVknjnSHT6dgWp
1274,CVpoSRopeocHNfy1FTHaUGFnn7ZqUyX2sdiuFLKiHnia
1275,AMWvKBCZYzZaysRb8buZRixXTTzZwUMSHwK74J3h6fsV
1276,3Vf3uTgW455MrBkFg17n9VRHJZQDzrWVhPWap4q5g2x7
1277,HZ7obymzbNL58LWRjdAEoVSVZqNvWGwnnM5Q3WCd6HHV
1278,D2GbyURMNmQBqL5CaZ1uWENMT1QobKucH3AcJuWft6AV
1279,HrHjoFS4JutzPPKS5FD751vDktdEesg37mPBjR4BdoaK
1280,CibPNpCMuRe89NXLU8UXvbZRNE8urG8wd2qA5N4rN3Vm
1281,BHSinFjKtfLAFpGayLhNWHbQzjx7FeQDPz14emzrJXop
1282,DCnUqcTMCSu9hF61Uf5wsshgEbhL1JouHGSfCf8jez3f
1283,76G24pWEbsyZjYTyuNwJo8UqFTnaKoZDkxfS9NXVaanW
1284,ALsn12vcQbs9brfV8ZePm2nQDtT9EReuQQuCCZATmp8z
1285,AG88dVyfRoytjBW5G4sfCCsnTa95bJCsvVtv44PhPz2G
1286,4nftFjLmRSZtKAAAiZspjiiLQ3WjeBSzCB57vcskVBAj
1287,3ZcnvcRyFQTL7ruoJGQHHhWpPDjWkqKGPA4ETbAu4vzp
1288,7etxBBYbqc1rWt4z1a2zKzn8LwiZt6y1WwxUtUgG4AdG
1289,5PwaTp4K18Y7Y4UJo41JS1qN6QBHiNhfwozM1N4aJoM2
1290,5BMmTS8uxLUqqoymq7wY67vMRP5o53SpSnhvGHnyyNRW
1291,AFJTdwEQ3kWKiEEymgRgn4LxY2YPknoWY3rsUautAu9j
1292,59xKpFzgLTCg1LPYfqiM6sNZnMsRqTU2uLzJSiaqqXdn
1293,AgbQfnz4h8miowHAGyKmAi5dUSnAdf2nyTkb9DeVtaXj
1294,Fe9TFm9c2nFTMwuwWNpg2DNHKZVwYFudPUzjEm9PgEgu
1295,3EWeZo2c2STziqQJqPtUbDu92nPpSVZEJCG9j4LJWYTw
1296,5vE3BEnwsfXhKZQkca2SLUzADScd2iKPi68rgJFQmYT6
1297,97Gn3tRiaJN36idWX5FEoaHpgiVgKRKyif3dL931Q7XZ
1298,9mGKRXqJv8QhvjJDjGbwrZEKmdUq8cfUnvB6zWsXLa1E
1299,8HfDXLwiHVaGjdvuZctsFMRdthy19Vj4B2CWgUpoKDuM
1300,39nA6RxD3Zmz7L6bSAgWf2mfmJ8zix1ogqEVL4yYKFS8
1301,2DXB4cvsgz9qsDgJoTNEx58tbff86HE96NstfHLYd4BU
1302,H65Vo7rpSHdK32cgEZ79Dr9K6uKa7XhhJpjJ1igGuqi8
1303,32FtwUZAynrU6VKixNJCAPPoHdnAUXKoMg5oCD1z7VhW
1304,C4rQq4Q2WT75fUbyQ13YxBrGmUWoJK5JtvAGDavh4RyD
1305,H7xSughJUWq9wnpC86rvtjqRpW79SmbASbzr8JLNz4Vu
1306,DwLmDDbWC7Ge9FMcC7ag9hMVgQPc8EhW3XanxoEUdmt
1307,AVmSauttQpbavBwT8NFqiNC3aeCn1tR9SDzSLWR2Kq3e
1308,CB5V8HgodQ28FNQt8m3hDW4i5hZfzW7b3noMtrKkSzgP
1309,CEx3oj6Vmhxjy4GGcvRrdpHi6znZ9g7R7zAPv94eSzcc
1310,BHcf5N8Re8rfC9HaTVpriLL55cMK5k57gf2JiTS4w1tP
1311,Hj7hjx7f37ofWTxcFASCY3PFqzY4Q7b3A3ypGVwvaadR
1312,9Ngb4UJjvSm9zbTN4RYRFWBzTPVWQh7C2hFiDvwPsDBd
1313,zAHR1epxLNXCM5R4n249eo6W5J9chWnuMPusyp96Ajr
1314,9Nzoh6z7DcSpqahJbSPJHqsfZsmoaP4MKzpmhB5qn639
1315,FRRTJvozMCrjy44Um7NanhgmuCyGHaBCZCRrLJsPQfDo
1316,AuPhF3RjcXFLagugr37kZL1pwtiPDQKkfxXQCtohekUg
1317,9v93T7rL3JdLHC2n1TEfgb7Kp6GYPQYZJrq4pc1g4Niz
1318,7qxbtq6skgSB3ucERTX1nccUhiHFxZxtXcNTaHo7syo7
1319,7RWhMvsgRNMceaKb5UyUWh1fkf2r6hXZL1PL5y4jjfaA
1320,B3PMpNi7Xmuo4go4qapcLrghBHFZ9psVRsJF7r7skbso
1321,3DxLcZKR7KWm4m3GGdj3WQnq8nZH3T1zQ9PChmn2zosT
1322,DjmQiU9bfybnXu3D4WkgumU4yWksZCxVHsHtYsCdrViA
1323,DNoWoZJTyrw6MCNeaV75eCQZABjVFM5ETaMGKHHX8Y5y
1324,621iR3CC16g2t7WsC5Tkrm6vfFjWgrDMWsvgcFpok6To
1325,F3Tt6Uq5cCVGafKVPoxZhaR6gA3VY522zaqX9HLSzKo3
1326,GryqvMoqZFnmTxVMduzUQt4RtCZZCTKRZwLNuL4KyKsa
1327,HqSQ4QrDcdoZEBagQ872ZqsG213qyaYmt6WrL1HWdxDE
1328,EbDKdHWBX2eHHS324vGAwXfZYpxxzfG3wxcjodhmZJWb
1329,EECv7mfWuvtYfPxrxBwnS8k9823qV68NMCYZttwjhB3A
1330,FozZ4MsJpZkeKuZa4RM9opQTK9es4GfFoZ2g7QNBSPJx
1331,CHiLSYNCwqFJ18w7XBXXdWnaD1JVmajJdHa5NeQK2UXe
1332,2uyFwe3fzgoyiJeJ4f4LHkUF8B5wYMHDuVs66t8qvAtU
1333,8py72z3vYQVeH5m5zjmkrGBQdozBwTof5m9BieNPmQDA
1334,7oeGd4FHXmtVr2prctY5qNu6fjtELExBrqc6MJ6c4wEm
1335,HcQfn4g1YagoN3mYVFDjXdpoZAMsJFzVefzTPY15u2Vu
1336,EjGgx4gj2RGt4gXSUth6wEneUE6UmQoaJ1hkpx29ZAke
1337,3pSNQT1b36TgMu9Nz5wfvgBiNqH5wizBP8G9jusUq24e
1338,76ehB2zX8RUe7NMYj748tdEjEEYCovWgiyePZJQWTLVN
1339,FXK7tRAyyiSGhVBPEXDGT7pja55bj5RGL3Z1nGvXtyPF
1340,6wbpmvABKXznF6NvU4YbuvPmYjgT2LBSM5iUiBxyaA9E
1341,Hd4vWo2hjeShan12ZpTR1FXec7bY6BnKPXWqWnzATg1z
1342,6wP9VawN3QRaDec2Z9v9ewzw6T4tCwYQVRaxCLvfcd9m
1343,Fit53tmrvTL2Ly5DzuFyw1BpsVLuF4Ln1fVnxxiAmT7g
1344,BVeqFVxkbD8YbLRH8Vo9UvBkAfaoVKbgabmzozc4Zjp6
1345,BHdPgzF8qvYcaXsNhrXJrbyHEpht9Spgdfo9Tj1AQVWB
1346,8Ch7CzVqDiZTebnf4yZUZUVqKwCL8zmZ1HHcXh85FDqQ
1347,6mv93ppVKCfhwZkoMJjjQUuHQECUA6KS4SkLfteSaprP
1348,Fw9HsUefb19rs6WvVFAki8fD18seXx5nVJpxzmk482e6
1349,HUSFFYzEFpdcxF1ZdZLCZWyirMgTjiPRP5V7mVBy3pyH
1350,DX5YMehhRuhsEEFdsBoxYJr9VrfYjWs8MDocaUYkGx2g
1351,7EirAn47LomZdtUTaHo6uhpsZjFBeBz3pKARU5GT51JL
1352,GuyyUGMJ1YM57m9t8Nf9EMBRTJa7fkAhyjraf5pwFKzn
1353,5CrUSaRXrZq1AVrXgd888GdPQN4E5NwQhX8qaNmh9K3L
1354,8cao4RwR1zWyaikyXxVrEvvHCRXG9moJZtpxAVcw8Pg5
1355,GWuAeuRDpAwKDxnVEDRW3hYn87dw8K91ZLrhhZUCftnM
1356,8MH35Gvy4wMKwM1rqAWuWaWPk62fiiqrX2bfGbi98PFM
1357,AVWoFzF8Xe5kSHbHq8i4fhuNo8aUrM1VM53JChZzWx5G
1358,2koncqghbWHSvJwWuYwW8gErSyEnjeKAKyetaayN5Zw4
1359,CdpJMupyYWbtRZ7h5ThEv4VY26Cw9xFMcMFJDfkACbfr
1360,fW6eqYLShdnnDCAjcZX7L64773ngaq2M9DzB5q3FJo3
1361,EJg2PK7sgoh13dqTXLbEgXrieNEXBqftd25fZLQ68Yxn
1362,C2gJg6tKpQs41PRS1nC9aw3ZKNZK3HQQZGVrDFDup5nx
1363,CPDTnz6oEqEAnr679xhQ2jAyji4fLC33CfGKUBMwEfSr
1364,EajyCHddEAbcgHj2PdHCnHMbqXX5fWyHv2z2n5cWxZX4
1365,8cyW4orcQbHAPAn8VxjxWskGCyJxsFgtr8W6oW5r1Fsg
1366,C7akA7XprYzgepDHrk9tJRKuD4HP7Jnhrn9koXzH5uBp
1367,6SjPdBEbC75nH4iRRQzm3UFhM5s8X3oAunzmvkcTyV5y
1368,3kGchfTrvgEofoonBbpGCwGNdRSAzXEppRA3aW48bKyP
1369,87GBN5uQe4JqHKrtyCcPaF9gZt358NvasvdLVVfEUXmx
1370,9tYoy5HFyJHPrqzs6RRn7TrDXUNVdx9chYKUGvVnFYUD
1371,J72ezFKDWeidsBuAKpVd2gjmudNH5Ln2sURrd15pkznc
1372,7V3LXetSQWoyfhZgv8JLzLoYsRRAaNyD9y9sDNtPSdP4
1373,HsojYwYyX1BHwXauXF48Q2A9UVdCVGFyKfX11AmopN5h
1374,C3fz9f35aLHkAe8gg7bYS1B18azadL4UZi3V9BhhTPNa
1375,FvC9gQ17UPkwNm2GdtEhLCwT41HrtXyCmjZigqsafxQi
1376,6iUnEmxERCBBLBbCFb1RrNZ7RB49TTDa8Wv2uHFeEoMY
1377,347HCGGxvXgUeQYgTiQ7TgQJsMqH91zybRn6VZge5SEV
1378,ALshV2NqeMJ9SB9miENxtZqkMav8ZNehFma6vSGQbvwa
1379,J93VpEgm4Qfzv9H71zd3RsWxdTjin2hNZVYDo9r1Wgtc
1380,Ccoy9F9DgC9NP3oACXRVhh6Nyecxgv3ocpUi7T93uEAj
1381,3HpHx1YvVdHyXLCYPgGQDvSqXmjzJgpyXoZ1oyxZsASG
1382,7X97ygAevjaVhTodEFEzNmewmq77jnBESBUJQwPLfz4R
1383,5phPmhKD2pc5ETJN7w8MYxhVE67QmsdTHJFWkrz7NZRY
1384,BPTWJFC5WoTyn6RZabuNGtPMHo4sg45E3A6hqTXgnsSp
1385,JBuDHaTUZH5VAwTHHUhpY3mbXmdTKyxAN9TZWrSLgbSE
1386,7vd3aJ1Qm1EaMjeUQHfCszFG9hx1eVRWixNK8wjGLwU7
1387,EDjE4P1AdhBmqgLW8cpJuJg2dxabyZ1KAwi43RjxtVs
1388,BYohk2i55WHJ728cBvgviGuYzykkm2FZU5AX3swDj9zq
1389,95UjzFB2Zuo6KCjrPydtybpdMeXyRQqPuWLfAjFbGD9v
1390,9uU4ZSWgzcfkVUqav2Er2jtqLwhGG7BU3AYBqpFfHfzv
1391,ByEWTq1bu3oapyWpejwu6b9ofgQG332g3u9JZGaenFpm
1392,HgsCCxAUvN3BoFQiHTBRLHenSpao5TgvYZKKWBU1Gr8c
1393,HJ8QMvpmFQKMmvybpQsUCZEkdhs5xXLQSxjozf5kTRH8
1394,5rw9ogVJAU3aMK4cWP1ojVdwJQZZKQebJuwxBNKCLauu
1395,eeRv94BiUzP25xqPmRJjRASvscFVv6swtW3Vp7j2rJX
1396,DZr9DmhH9QGSn2s9aLGiYrhdbBSK2BEs285D9atJ2Ssp
1397,5EiPt7Agt8FWpxMeqfZruXR4p6xB1Bxebt6Uq6Y49jbs
1398,3PRqAeP35bnmg2g1q3VcGA9mCG6HSCpiq5LmhM7X8t5V
1399,2Sr89NeeShydUyWiZiWmWTntbCrcGW3RbxqgoWJxhqNA
1400,6EmHSzMtd1VqVboryevn28W2tqK8CR2LRUqgw1HiJAT4
1401,CUakRbpU465e3G6ccxiy1mouY2EpkoA5NxwsB8Mt1pFs
1402,fJR7kjHmT5bXBSTCQRk6XYanZFtJZzZseN28jLM1b5y
1403,6Qo6EqGbX2xDUL1m6A2qUEEPqtcKKd6UW71kL6ZnRKkr
1404,EYcJb2fGccgG8ChVrdUzC9Q6RfFEgbVfixCpQ4tctrzT
1405,ArXfFH2MWtcfohjW5HBh7xbVd1ngikmsZ5seJZk4HeSt
1406,9GenqGk367pAFPsfFeNeNuEUnqNstgqj6hiHWReH1Mfg
1407,9czi7H7DDauFSumZA65DzjrRt5nYXQRaZD7HGS4E4p7T
1408,7VMyrx4J9FZWAZUwp8nowRJoqi4LR5huhNiW7PK5ub9o
1409,ETARb2pXXdg6aFC4cdaogcEzGeYU2askpokg5WhjPrXF
1410,9vSsDDaaX3MHXWAqntRNAShUJCVgjwq9yLVVBriRud85
1411,81YXeRrzi52bVtsE2nBuY1peiR4QrvS1PSHnyT3adFmt
1412,75oZnDtpkosRuTahbpyiGZa4FqnXAe8x7crk3Bpy6SaQ
1413,Aye47D6o8q5he1L5ft6FaVcrikhyiWqhaEPxfZmriT1U
1414,Bu7u589UrWpqTieXAJQkxtdsFM59taY9zzjgA8AJSZkw
1415,6bXVJgebF2oeSty1J63NnRFp2PNPcUa3AVtV7NUqBoCz
1416,DQ1N5WK6jt6S5475n75p2GxyxKB5C6VCSVK6hq4Uwg3i
1417,DjpdjX1N5fdVhyXcUdiy4RbJxzRHVnBpqD8Bw21YNFBA
1418,AHku6JymkNYEYX5RhoXurMD5sCR8zRxc6s7MoegPLnmK
1419,Hw7aa4qaVseZa9yR3A9B2nkmqnDbMm8SffHLymX81zTj
1420,7sQnxKERpSXyaFfsBUvE4JUvgvPisurgw363dJWWxBYE
1421,CJ7h2yZLTHTBNJNasDYFs7ZFb95LWhMf4RFdPHkc3Uu2
1422,6XoEBUgb7eQ1kj7numJ6SR6i7wWSsbtAxMxoHbXwAARD
1423,GfAbyhU4qKso2J1PaQMHX98CXJ5PHyQ3tLtfU3mFrM5P
1424,6qJe37jeea6x7xpjeWPtubLX4GE5T3Cr3JRfyTANdvUt
1425,9PCUBupYc2aajfVpP5jbHTEu8U1Zv42bQd8ahLePUwqu
1426,CVySNjAHw4PUhZJeVwrou3QywVezyJx7EEypaiK7Pxva
1427,DwNW81RNPW7FCSC9HjiFt9XnXPRVDdvE6BLSV6nZwwtV
1428,EmRz91jPDewhvat9viT2tCUM3p8jgUcZEBqJYGasMpmS
1429,C73kpytnBM6EHd1oviFdcnb7jj1Rmc8tY9bDtTBfr4Qp
1430,GxLhx3LKjuRBYnSZ3hKjiZE6zxTtb9BN4ovmYeM6FW3x
1431,6ad2siQxDhqMenybC8cWcnrbtpaeKtmokzsTAxBpQ3fJ
1432,9354vHWbM34akTnwymh87YvbsMNM5pbpj2nrF5RB8Fcb
1433,9A7RCo5vgfabv4kCJsR9xTkqwv9bXN3jK5KFPnBJWmXV
1434,Fp97htUt2k5JTcPvD7hy1MdggQZHr1oHtmHZ4jUqTZh2
1435,2p5gBhQ2msAqhKsrSfQo3ReG1XN8fDLbqZewbZ21P1FM
1436,4ZSovm9eppfPrsiXbnApe51uQP34rSJMnMUz3cMBswAJ
1437,6aQM5ShkqvsvAtbFBcV8UvkJeofHLtiSKQoTQQ8hBVvW
1438,5Do1QjHYFbH7WYDpoHdizM1xswCgCCjNebUzTvE9zMaW
1439,BTD8iui1i2Y5g7uErZzSC7dmKw7i4NF5aXJ8f2YhqnPg
1440,H8d457aGNPHmqxBQDkVzm2YWwtiT4HqcaEaQBucadhBs
1441,7FG8291PzLKU6uaWYdptNVzh1mG4uGF96UyUfCxchtym
1442,CbhY3PnxEDBgbQUZgjudHMLJW26pchh6mj65cBjUNtPq
1443,52pkn3u8A8DxH7uP2HsR6rBvY3UTkD9qe6HhjLZ2fhP9
1444,2WobKrHvenN7m5ctpit6rEH4F5xUFF59akTQPGvpDG8J
1445,Bp8ZS84NDmB36e42dZPyZyzVs3yGWHRhB1NWLmVtRyUX
1446,5DGTXQ9zQ8eeJBtGeMLNERNShaoB8mYVGutp2ugSzHVa
1447,AqD6d1LqBTikrUPezShMVEDuGqfAjxvVz7BQEPVzMg4w
1448,4Mc2HqrVU89z5EKW21Tb2H76mefP2sTgcXwd9yx5J8ur
1449,AoLfiAkbnjUkByg1Ama76H8mkWLoEh1DWi8GHexUmArk
1450,5JiM1pvkudKeSCX6wwNv6BEypmmb3zxZNrVeh4n5a6VP
1451,CFpdMJYsXkJGE4YcCS88dfRXsoFRctnQhSUC2tnqCtnM
1452,3Sr7mFpoXkd33MmNnAFzz4dSSE3jorJpzMVaVNJNycGQ
1453,DjcS4qmDbe5235CwbKNbqSoJA6PghQHytij8DgyGuCu9
1454,83VC6fgUyDRkR8Pt3Ft4kDFTjx6tgg8A3kZyn4LR99rH
1455,CLgT88cmoYnt7deuvqAwa5tSXT8CYoQkqbFdx6AMKk3W
1456,Ge4TZf5EhyhucdZmzwAauzAAhGSadjzq4UKF3f34HXzu
1457,7zjdRz13tkFCszz2D9K1yMz5Lc5tdKA92uacnWsEbMQr
1458,EnSntip9mFDZ2NKb81UYbZLWwxCMtNZVbDaCQ4ivJJUv
1459,5prKQeMMagRfxD35syMyQ1KoFYkaPWgEDdsne7sAjkqC
1460,Cut2Xc8B3UerSnGZiP2xhsYMHByvso57NgefAREgUs2F
1461,EhWT1SJXSCF6YTmUpTgH1xa8xZiGqEPSED3CWfR4cicM
1462,4Lx36jJqGnt5Ps8G6fWGJrcQCEEApVu6na2ipZFpvkiD
1463,8tX7mJJJsbhA6XevPMDQyCb3RFbiKnaRbewdjbGSoRLc
1464,AUrox7sHx1L8mxEPrNqkVjHa16CXQ73UbgZtZTNPNLjx
1465,Dj43kCxe5kVEdJRSCJkUx2tpqceHGdveeCLsLHuZrQzh
1466,yoZBLJUPqb4cbQmM8mymgfNYTossFLhmhvb2EaiyvnR
1467,FqH7BRQFCarA91CBz55G12GMF1QMi6ctfNifKWhUmS7t
1468,28tLPjFZf4K4WCjiQPnveiWAapcB7xXrbySnmgWCNtST
1469,Hnox3SM2NQ1qbB7HZ6NAd2Z3pPsBix254tPn4F9e68So
1470,GVAzpJWqRvWkShHizvUSudJuNHrn4Yox8X2CE2PCTziq
1471,UbtSDKELcA2wtitx6QGmXZPnPXYP7K3wMKFneo9FopV
1472,Eqb172ai81LHwa7bXunb5g4P6kUzCqvkerrpNcmP78Nh
1473,J4hd5m18baedikEjMHRpEHPTQzukC4XBzDYL8Dsp4eEj
1474,6AX4BWheXgENf9QQuTFyrgh6MFqvUfr9t6apYTnKutz5
1475,37GXyzSo1iQ8a22P98sS5uD7Hq54GrCkBUb78bfJ9QwG
1476,6A9UG2V4kLvnzf5iTQH8Dh9hi1KvAnz4cF9Ew6ENL6HG
1477,85jE6oUvyPX87E8wdCTroA69ERrzX5fSqnw9gSrqCcdE
1478,3xzbFTLq1SbrtwdiF43went7LKBWD1NRuzPAvUnaKPjG
1479,HN5xmHbtasPR9THHz32BxFMzruSP5X3er3tF5DeCwtxq
1480,2XsvhogTyxaAzDiDKWEdjm7xciaaQKPkYagbkQf4dgXN
1481,HHuMuVXiGkgoJDZV3U1LuQSf5qmnerXuVNzvDHmPJyq1
1482,4LsZTWppjG6VcYgJgatwzqrTBR7uqWiCEQ7TMi4e7GU7
1483,5x9UE2nzCHUqYgbYT9x8dG3AxtMQz9gtJCno8vLaNUwc
1484,HLzL42wCJv8gsKHR7PGi9T1U1L2Qmyg2hdiDHt6SPMNo
1485,HyGnBVLZTYBAAfXdTX1QVUcdN6pJ9brsSTaJZyNror6B
1486,825oHQz96mKwZe3Cikf5uNjymngghvdrU4czsQv3vfmj
1487,AWywTGV5hmBWQzszzmJVGyND98LSuha62tV4cBCpbCmH
1488,5xugmWGiaF677piLsunXvfaZf3jRfSGczmMFegGn5tki
1489,9fJ78F1Jj2qGnQ2TACnH96Ddut8emW3xy777XVrYdmUB
1490,A1qmKNumETyVi3yBxgrh6C73KhCwiH3Pj4W4N4ZC8hgr
1491,47CE2mpyDBuqzT1iqNLVyXwjYSWSM4waZyeERvPjAYgw
1492,3g1DUxr19KLwcS2LTMF7PDamRE3HGgSambGQ1gssxDkB
1493,Bm32zoh79Kj7MHKCpJRK1rVSKs8hXipkpmXDB4XDD5pV
1494,GQP55vMG1LhEnEWxe3RSrUseouYhxMghShvG5425imVn
1495,6Yz2mzWqRirrtYxrSCZXW6Rc7A8Ge45eHZEWznVKmZtw
1496,G5KPS9yzMGyNPX89nG9hpZe7hwfN4sYV97Aj7qLAeZJR
1497,CArna3677mqoWQWsebpWih3G84tcmd6bMzRsBeEYj9my
1498,9ZL784A1FcyBHTK42cwNcrmJzBrKBqiHEbfGhF3BzV7b
1499,F5FKqzjucNDYymjHLxMR2uBT43QmaqBAMJwjwkvRRw4A
1500,ErjzkWUqPZnX8u8sESfdLV5qVkXoLEN9iKjPD43rnD7D
1501,6Rqd3ZLGX3wU36kxHy6mE6CBb6gRpepbhMTRfejz8qC8
1502,CQUTdvx2e9xnsgabMvJ2CEnXFeZ54C5NqZjCtCgpfkKP
1503,DTB7KYnzvo9QJ4NfffUdV8knXnhwLmQFhiqDo1XnmjpC
1504,2d9jfcn2mxd7FjckBVqBH1JkQyMkuxJAv4NptNmNZvDf
1505,BDXckr1RTXg65K2wxhMmqkpJVGiydmRSR9HqiKDzoVnK
1506,221SgQd7g9YEorYjerdSgTfDCRau2FNmHTTnH18NUgJX
1507,Epssjp9MyJACBQsowsmp3GHsDGm3LR7B1wYzs2j4QRte
1508,BjTuBoic72jFRinL5zHeqqgpfpVPWjHYFfXKwmQD7Hf
1509,JDqziWnq3zBamRjcfTjY5tgezRTimeLnLUAfdQ5veVfV
1510,G18kzeW4rWamkFEH3gdqb615Xp28U9oTkT7NKnjQtY2G
1511,68bUHtpK6YtgpN8ttEizndUqHdTqJSdHaZVNb5oHBzfX
1512,HWPxmPJhjM1w5o2u5cQLKYUFokURdT3He5u17XLjG2SG
1513,781j3XwgBrmWjKD1L7xvEK13XfZJuCjxs421qZG8dPUv
1514,H2SfwK7QXCh7gsSg92VC37zyjfUWKaR87u2cs8wooBwu
1515,E1A7Dv5jDWhzTWrFt42wA32QrpUtzid6xA1vtqPXuEqT
1516,9dcZjgkq77hggZc2D2avd4oe7azps5zXTB4b6qsPLL5L
1517,3AkYUAw3RfAAF4S6qwz6Q24yev6AcGvoBjW2ocBNCeiJ
1518,2nrUjQX7U32YXVBmUeEXgoYzN7nccETMo1SUroUj1oVK
1519,GBqHtNhodJUGMUbcXhj63dromA7nz3r2X9pPaJQfhnDx
1520,87wXxbmprANekYVwDZJsUrRAMF9FG3Bcq67EPkFxEvi
1521,HxfeAUBSopqkCyNJ8mYxakQNMEfU9tJbmhq1fYkVN5bn
1522,CrWKohxmNQrq3vReAYD1qyQ64ygH4APxTb7u272KN2Sh
1523,BdKdaQ8d16SonwLK7fX7rYGwRweq5dpBbrqKRB9ZRDLC
1524,AYZnYev35ycthBY1HCg15RrnYGVPnBcnfiyTA22txHdf
1525,H32kV8q4EUDAzVCyVxKVGrQauhmiaS354pKakTqQC6ne
1526,7e8rjqd4QGBrK2SfhvwGe97j1rzX5Q9Y6yYNQF9HpoYp
1527,ASbj3Lno1xMf26ZAu82w5wfV1iZbVnhGDm2f74h34gdC
1528,3fVKeXQEx9uo2nsGSW1kXzwj1YPBNtC9z3X3dU4LGN48
1529,J2JsirzD7bfyCzcfevVSoTTWLQNW3w1uBqj9dspES4Z5
1530,95mNH4HBWbAdBhquYvJQs78VeXTo4fFLYTh124cDTQEU
1531,J43Rfws726sqSm7f6Y3BAws76r4NJatyUngDmZ4LXpNC
1532,5mFVF52eiKfFtFaWvGYRTC5ypJc2cZPChBTLgPJ6d3mP
1533,9yEwRUUVwkxZaMrg1ZJvhdjCByEFwaMKYvNoTGbufHfb
1534,EFhu2Epz9yVdhgCLzMwsUSdKoeABEE139nuvaytwazUS
1535,8tpWALkAiWYQVoVgQr4mhJ8weHb873tSo2Uu1DZ9txF
1536,4cKqqwoADnQVUAapaq1CrCwpBwbvCSohZPzB8aHooJjk
1537,BmrUvvMG2V6XBXpC5sr22nQRBDVgz191sMJj66px5nMh
1538,G1rTKbU9TwsvzL66Pevc3CwZH1sGyEJP9fyEcnVGZWUd
1539,AfbYWkwSoYLz5Ng3xk3aa4fmU2r8ULAN94UBdVMmgsiX
1540,B7hMQAVooCYQS5cBUiRokzCKUu3k8QkvLaPd19GvtqbC
1541,7jP8FVcJWwcf3hJFgbr1MAydkS7W2NGKQVDs3adBvKgo
1542,Ad1numqpBecKKhYRh1AV22ARxEQDtPguMq3PUkbDjDcX
1543,7yKE1GNmzsY539RE61o1R77Z12wM5hNgy1VZsKsRoMrK
1544,7EBpUi6tX2vg1FUM9hCpQGgHmGz94ADgwtXLJdTfoAqS
1545,3CqRx7BeXHZ7ZVfsXsTUCPkmoyhGbuohrXCiaZgGsrsU
1546,rrPyxk4ndSkZ3EmG2SgZzrePMSupBwaQg649Lhy2yA1
1547,AydJVXToymMdTUDiuwPmLxeusfhFBhXbsKfaCo3zUcJA
1548,HLuAUzfsvNNEgFoqbreHv7PRrgZp37ADjbspJEWrLSma
1549,C8gQYAjBZXBdvZ7xaoaMhYetG5kKFbpAsktuBgASLBYH
1550,DZJz4bEMZD5Z3ftM7tk3jzFd4RujyZ8FhPbYvxjifQDt
1551,HQo5gYw4tE1tLsCordzPTEYP46JpjKnrQnfMhfjPLvAx
1552,Ahes87yUaBYurHF66s9g9cizuGvf191w68betj2teXSb
1553,8Qne5WxArJTYaAbCfwK7ZCXvgsdXUJXSUtKPrqETZpaC
1554,9DHBa7jjbdtttry1Fcw5PgJfdmkjhr5EjxQEVqC4ScBY
1555,D8QhSnF8zVU9vHKGiWkggayasmXVCbxWAmFbSz7mYE7w
1556,9gJyDn9L63pMEFxZcP5wfJb4o39329b42fKLa4a2VLoy
1557,4oyVw9Q8Jbo7Wy2XUekGoM3sUuUQVZCvmXD392bWWFRC
1558,B7RKJyqcrWaAXa28jUgSyjsiahm9p3sPbXz6567o8NXH
1559,37fZdkpxPtGKVwUwdhPWzg4Pm16YjrcfRmgy9eL45Gok
1560,4B2rbQB6jhh5YCsLkcB35BtFSBk5H5KvMWfmrQCV56ug
1561,5psYnhSSK1aZ7rTWGBC42c7EiSry75fHfZb6qKXvuepQ
1562,ANHfqE7WccUcGTFTpkZXUZGyPjY6vzebJK88EggXvUXe
1563,2i6vFGdtFHgLvgkZfULV6jYnLoAKi5u7XvndvX8BAfLr
1564,3D49QorJyNaL4rcpiynbuS3pRH4Y7EXEM6v6ZGaqfFGK
1565,3vipZF5ThSaE55jGnHE1PZhCoHvRfBHvihP3pQ8Ph7cF
1566,82jq2DFtT9rYZGV6cM6Xu5Cromi9eY1hiDuEYLUoZsS2
1567,FkiVZ24SQjS6dyr19X81PGqJSgbSq85Ak4jDbkbFZKAw
1568,E3tJa4LeHEGDC7R5Y8wB9o1dq9SqJPmaoqqNjseYbCSj
1569,57fCDfRkHi63bzZKvoAG7mUGBX75Av2DXD5Z1bUfkKCH
1570,5XSAEp8a7ps29wGvAmmYkrrvUDPC58DgKq9Kqc36vhrq
1571,6nRQKiM18dB2kVy7vTt8iijqNWWc2z3y8nAZzLeKCeZ
1572,BwHwgrrcSntJiVFg3BKvcA3nPQ6mCfjMPwkyouKyFh5d
1573,A74Gef9DihQrqAgT4ixZGco7dQCPEz3q54sorZcUDDew
1574,F4ZwZFZKQ8mqn63yh8SNVu3CQxHH6pbwjjxNMvBX1qX2
1575,8VDFdszRTCRkY8GDmTXCiZPCjJCB88gnVu8auQFm9zox
1576,Hp6kL5qkP4obcHxSsQGwdHsoHB441g9dk4dEv3LmwVK6
1577,EgjJhEooDF7JJ47QwNQ3Pdp96hQz2NGXWMgG6oFL7vVq
1578,QBc89PdYVbTPZXvXEuA9b9wayLGpJ9ua5amqE6LPrwB
1579,VZvAWVHDsxRqRwMs3x2fhtp5Bpd4u53HQBuZnZiTNys
1580,BTcnpTPKkQX2XyqsbBB9Z7qVyDXd9csp9dUbg2KSe6W7
1581,Hc3NprPoHWiwp3wxBku7K1iFBKkoCCseeTyiFS7ozkCc
1582,AnXJg9rz49S1znFokCVPiQyB6uJkVNMqRpoviC1wLAC6
1583,CsqTHbqXXB6Y5fDx1bQ2Gb9h6GjALS1Yp2zDbAEc5DLB
1584,7ut6vDq9eNyr1Ky9CCDYbHTpYKP9s9KVQqaAHHKURjnA
1585,4r7bbJEkWMCi54oCCaqM1o92EPdSHhAyK3YF8pejA4YZ
1586,EswY4HzEMxnvVXWC34uZdWRUQtPhk6M37HRR1GbEfkMV
1587,D6aMgyfxSKxu9UAKWAzVxWYY2dmfw4kH285vRnjaMXvq
1588,7aU2E3ku2nuWJi56JQVXjj4kDhfHaH3aQV8jD6taFEqc
1589,6GfAehp9ts9X7ZjboDf5ju4PB8UEzn9M77zfmbKZN4wG
1590,3Lxaf1ZpAGYRgg8aVT8Xu9GBM7mfsh7WYm2GgXT1yJPL
1591,4MTwKmNUPKEH9mZzkAtjopo954jJHabBRyYrpDTR7A9E
1592,4Fa9sEihUgULsnX1QUFFZPxen8mB6aAXv22t6PhqHaW2
1593,BtZFskGzqnoB5nc5fBxWWWy7FU3nTrmKTvHriPZZ8zBX
1594,9H4r9F87qG8n32QWdq6FBQ88BCwyGWmoP48hBqyosJoC
1595,F4ghBzHFNgJxV4wEQDchU5i7n4XWWMBSaq7CuswGiVsr
1596,3bfvaNY6pTrdzURmoJENxQ4PFYM3aRRVnrqYq7at4acL
1597,A8e93q8PTCwwe1gUqNYoKBcGPd9ZSXptdB6nHapPbrSL
1598,B37zfswq6V5qmxJDxKX9QSiQ7VCq7xyQwgxp3TKECon5
1599,74NUramcHkPN4XrmLvnkT6ZztuNZTYvfTDpXZBC5vxLd
1600,EhLZtso9HhzXptzCR9ZGPiFeoZjEpgQPLSVW7dBUqYoY
1601,A7m9Gk2gYZW1bKGwspCDVpVjUyjFh3njgemuFRAEdSzG
1602,3rqvt8TQPdpb1hp559c8nNZjjwg3m28jo1aEdLAjzmx1
1603,GjnGNCTbCmV99fLWeoJzLU8ZhkSA9JNS4HbTJU7iLZ71
1604,7KEb6RrnWVmki6REvD8cz6SR8kzKShathVeJFScGea95
1605,51L3PB4VenjkYgfZTdBMA72ZL3Qna8ZrwkpvdC7FnQnJ
1606,HSrYW3MqCBPZYNo7f9ohAR31Y6L9CLxBYWs2Ht6GtDex
1607,F5zVvTLdxqfBDmEVjcwRPhmQEQufAZAtESRebsw329kC
1608,C3oGpK4EDoPZnCP5VY7TVf1oiN9pi45imF8eZfJVHPqj
1609,6FWrVb2rrGHSCKpp8FQ38EDLNM3gmjag5sHHr787hXJj
1610,CJCLhBhq2sW9WU1Q3t2zUtBr1m7vNDf1yKZF5oacnziY
1611,4bpvgHo1oPZcjRCkgUuVMRZpHshwHZZh8ZL5SY5RcXap
1612,SX7NzaAerGTv2EDTSPLqetRimcgLzRYiF3GhjRF7CNJ
1613,D4jNarmeYZnhRhxtHctiK2rQbWwtmNati9rrekRkWkvY
1614,47K8vKjoBDSDYWNaPJd9odTfhkzcsopR6s2dBfiYbhnq
1615,HMaqavzWbeWxWBCqXURYMKbZ82cB2wNtearJvLQGu5ck
1616,9j3Mcte8bwh97SsUBqZgApG5xieGCaXHYKCjFSwxZ14t
1617,4qkFdPEsfXZdpxV7FWWrG4bBkikx1p6oVVVLHDKjggsm
1618,6PbJqxXgujfWrtu447ZN3rbd1RFGzWijvB5Ve7KL2iPv
1619,3eAcKcTVii2AG58LakPsn9bzhEE4DeYKEqyoNUMGU4B5
1620,FVySpGtDpJ2xth3uLisv6APWGYntNgWJbFBkiQPMCVi1
1621,BMfCCphD94TX3D9Z4dbQV7qgmSAxJMYstPCsQniQvKt4
1622,GdyYCCuxe5fAfZvaxE4STYUrv19mY8z9oRp8As6e1ny7
1623,3rFsSfR1gU8mWvYoiLxvSiEvWtdZh6SqX9ZbzzLtK7VX
1624,7d2PyMufkCg2czC7owd1X5dVzdZDwxWL8njfucDX4s58
1625,Ci1WwhCfQkHFV3art643cLLhTjVBfhwBhsAQdXcFfeYZ
1626,4NGPD2MfcaQpzADhCLVY7kb1W58ZkU1hhjaP4usW1b9n
1627,JBmiXyepNBJT1hsoEZngRKGqGPpq7XMkUFRQr9VegFWo
1628,HM9JRFwjgerHdDNNCYfy2aj96GGfL86G86tTrczcwzh2
1629,3XGxBwewfyNuJho5fcFpB6PQSha1aN61mTPBwDFqEi97
1630,8giCh99Sgqh8ZbXBJxyk352Fsynyy6P9McLkTrEs9ytQ
1631,5Hv4zJt7aMY2RNB97a2XeHfnyiPpTp8HjYRyvQJrKFvM
1632,Axppvm63ycjhANtQ3Jq3KFMMiye9tLF9k7Tk5pdd8nd2
1633,FvnCpWDKLqwTLqcazLTCQgNkH8z3FkW1TyLZWgipgyP7
1634,BjfnPY33U7QMRmvynoSJDxDM65MDLiMgVPeNUgtE3zDV
1635,9WAkTuP67CTStxtbprzXJ7mnFEVCZ4Sp6Pv5tNbVdsSp
1636,51o7MhuSuQgm5wwgGDnJvXUiP5cSsSRmpnpYa8yZGsGp
1637,DyPbgUCkvk8brR3vHvkgWDu6eKpG1ih5KgjVYP9F9i6e
1638,BSiNms1ExcnQCKaqjBZYpUM6ekcjZjjzyfdYBEFJH7x5
1639,BdXWSnSuL3aXB2QQqHUh2TXoqctkkLPecJGQs1aEj2DM
1640,2K7gExk5N9aJmm575TL84YWZSQtMVGHsN8u5omDM5Db4
1641,ELsmhxWSDU67xAhjqfEceyELH5gM87townR91VGMDvsc
1642,3anukDBEijov9oVBNNbvCYsUkBc7yYioiCZiGvuWw61e
1643,5Y14mvcjs94agwGtNfbKXKTtEcqkM2TARxPhNPwj5XPb
1644,ES3xauo3SNHkGoBXERjKewwUg8voKvA4rM5YX6Loqv1J
1645,8oAVz2zkrbY9FPMVM8HiWaKSb8E1fnTTpt9wWCTYyRKc
1646,548ivRdcAFZTmKnPzrfABUHzpLsF6SLakJ3s7B7AwzXa
1647,CLHmrhgLziHBDFLX3y1Vqhc21EBatJAmnU5nH15G8XRA
1648,GNa9E2dWP8e2fg23pRJoiCvJm5cbzomm94YzotpcRh7A
1649,7PWw2hrURx4NxrcbJUro8S7VKwW7NT33Mf3E1rh1FbP1
1650,6hx7ZA3pNvbafRmBmmdR4sRyokNz42jHeo1CpCeVE6Kh
1651,5NDads3TbRrRQP1US3cRjJ4wktdcSZDmTSQzinHMUvhp
1652,BjEg25BqaXa2ZLLX9NNuHTfhnHhH5L6SRx8G379u3g7W
1653,CutgxLQCvDb1kBMgwJj1n55RRoS5uZgF8frBZBPAv98D
1654,5GKnKzMJoq6A2Cw5AFgzE5dG93UdRqg23Sd1VEBHbn7p
1655,8CJnL1F87EaBs56ZegQFoNV48QEao2rF1kJKPa59Rpf5
1656,3hQqjgQzt7bQFEnN7zqZ1dLSHmSNfLyQ3av8xY875i55
1657,CoHpuYuoLFZNLtP7h1cK4uWWCfMCrdhu3XWHUZxNeGBY
1658,DRRmE3DDHsCFtKb8mJQxvaDa8HSyCvtuXzqME9KZaWza
1659,rLTKt1hHJvUAXbSEQQmR8FfEhTNvEy3HUYtqqjFggnt
1660,FqYNJVGC6UdJCgcdiv4hjXZwxir2PxzjaNWAK2hwTGM5
1661,Bt2JzU38jdEfQJB5DGx5JgamK5rg88F2DGDiFjZJEN3z
1662,4Yvjvz99DL8honJ3ixstGazF2teCStL76PQThPkEeLRi
1663,HBX1UNa3f94XQtuK3QBbyZCo7iPn7RNao7ABmihtPiyj
1664,3eucHmLaRJzL3d3rzYx94KvxcVhR4ESLo9R9hhb5Snbo
1665,6ogPSFQ7M9VT2V1eC8giBxcUyccJ3Xz5QhQYoXe6N4wz
1666,24GMsjDRh2psvEkD7NGeZGJhb2CRxg36XwducZfTPUdo
1667,FRaTqFPwDuYBas2NvU4jMoM3Ks3jYLfBzHxkeDku71ra
1668,6hjoKQD5wPFF7RjTjDMLEGLZFM7NZU8uNSJpx9gNFUU5
1669,9pkrMZgmTe9HiPK9JWoYRTXgNzNpBorSGqt2RAwvC6jM
1670,8FWjXmzuKdVKcCQQ1zZdfjFZ6y7jrzBuNgcVf4bCymY5
1671,6hNJDND1J6q1pd8hcQcfEk7yQz5h4oBtbDLS1zQSnE4f
1672,3D7pmXQy6p4VhQE3evoCiAX7zjxEgU478d7kkaQc4EWd
1673,98j3XHCRKKojikWJd9T2SEXq21hpWpD4uvDmiV9gpBcc
1674,6TymZZJGDZ36Q227ccbBU2ih6DYiCd6waCTD3c12JxHC
1675,61San7iSPNvif4kisCxFX2vpHsd4eMWSwgX2wAGrcBYi
1676,3XEKfLhXuvDG14x8KCUEdG3mMTZo5jBYggo2oUSxk7VC
1677,4tqfsijhz7fafgUEYt6LSKtBBujckBKoD59pnMLKVnQ9
1678,3CZg59o4LZNCiQ5zKvFnFqfRGA1mr6j1GE4zNVXDLEXp
1679,E29Q3rqQg3KXMtiDMUoajAkW6sU5Juc4SVk3j3MdRh9b
1680,5YFtvv4znSZWTfuPHvAtkeHtzDaNo7S4aLYzBbDNBFgh
1681,6hDJq3Pg5rNWVpiXRMdzy7441JmEhffBhjuveYYKrLbo
1682,7JekECAt7bEfQ3U97c1B2wNWAdaoK42pFimqwap52RRL
1683,E9em9N1HdG6tJ96BuBrZdyaTSYSZd9TETeozW5kXLVei
1684,28AnunhJWyKrxadQzbqfpYF6XKvmvaRqT5vntVtzKyx9
1685,92g7EwdQaEURYX75aZpGF56uNWrdR3zKEjg8AmwS9ns2
1686,14WarHTcfFZr3X5kxaY9ZT23iwuwjxFQd29WUgXz3GdE
1687,CSgxBA3oeypwpitWLcBqkbSUurdretvW5NVg8ntg54gb
1688,4HVsdPzDxuujNiSo8TYHrjdsPJQFhe8yM6Dtr2XyqdqX
1689,F4JCRGAsft6vbUMTFTQKcJetRcYZpjs5dsB5BRg3DBuU
1690,zicKqLPHE6Y2KWhUAWtpmMbyMtUqJSfGLJ64djWS5RU
1691,6LbPr1Za5cfTk3BE2uPeqp6Qqd6ZcLnAYVMJBsD2oBmu
1692,CdbE3D9awojy8ca323eMBmTiaxrSmUeMyKDC149Uok1m
1693,3UFmscW19Jmds66SbYr39CpYrfcGjoFnbGHPmZXk8Z1w
1694,AYwzVB1ac1TdzEu2bPSdUdYyZdMQsZ1YWsTfjpdUJPgp
1695,FBD5jCkeiPYBxE6ehsPSgLS5rPgz1bWbjnjR7ahkxBbm
1696,3A8j5bbt1sBeafrSs3MPtUbFcUj6CFUufY7nV9REhLn2
1697,3pJ9xQkvWwW7m1aFQx4Pm7Vs7wUBZFYYpmXZwzqF7Dzz
1698,HrQTmFHDz3oft4PrRgh6uKyUm1jvbh7qHKQJLmBYvfz8
1699,GQXgzGbAUETSnivHJNkrZiCybqxxtKLJUKHj4o4DzZZK
1700,4qZ6w1YRKMXdv4V5XUnA3nx8Y2jKzQhFtFud5NaYFkHi
1701,6x4UPya2z8saQziKBa2buXLKbVGxbVfkQaj1Ss6zCNsb
1702,FG3caZUCiJfKJbQut74tnDpSUho68mquzsqPDmJff2Lh
1703,4hqhiMta7aFeUm12mnYoc6NHSBiGm6ZcJXysuXoup1BT
1704,D1Dpx8FX4X93wLPMyQ8XiA7c4BbKRTfpco3Gg7JXXs6g
1705,AJb2kHRN2gCgi2u6mqMq7SuiDuAw8WQJ2rLpqFZ3XsHs
1706,8jRwGtELSCJVLwLfk4ca4SXhJnssfd5CfPb3VwZfsGvt
1707,DVgp5vTdQb4xmkrkGJ5AuqUJaVsgL4KkSNC8uwvH8YZC
1708,3xnN881iPQc6gzkCE8xkSsRkX15LeHQdLRefNW2eZ4sG
1709,F8ayaGq4Hd95tZ7akbTYdtmGvRridNrY8CpZmMkL4rTS
1710,AUB91zwSTJ93T2taTi3foddj1WySd25AFpKr7fbyqGz9
1711,B1do5qVYRcrRPcggXRRZbGTqxrxLfmifQF2T2KXqErFE
1712,4iZwqyQ8VQT7s2sWKr3u8AfkmMDMAtK6HBSeGkAwGgUa
1713,EGoxPD5NtSk33hmruiJTSw6ALNKQsJLemVdSkfrW3tRV
1714,GbqucxRtDZgTF4fpZrZ1NtmPKFMRh94jHJJYPhjyDWqD
1715,6UtdsujtfEbhsSmjak34qrBLV3LsAnVn3mynTwMXBBcP
1716,9eMU2jUUJo7RLDsFiumQ1DBffNCxwQC69NAfCMqWsqdq
1717,8UjgCXwMnW4HkSuu9v3BdU3L3CdpMCmPppFqc9jTMshY
1718,954Auh4sgzZf32Rcvui93jvHVJn6L9xFtvUL88fyfpQg
1719,5tizrcqfZZqH9cvLUCQvPfzz6Utn74Sj8k8Ss1q1uXTX
1720,JAUfqKrSeFj7hgGX4oCGisqiVTWiJUNpiGDugxtNAGRu
1721,8Hq6n5biYwVkpP5ZoyexvaWwQhhbSPBuYj57YNg3Htg9
1722,HpQbNgbPbXymJSXLs1hQYmfcmw2cmFyZwDJ5eTHhiDVY
1723,4Y6szqjNbmmw4K5TZtFWhXp4PW4uZAt6apCMRfyQkxA4
1724,64Jeph9mhDjXeGrenHBCP2DqZmKUsRfM2fq9WsosNMFM
1725,9udWekYQc3ppU5ST3mTK5d6qkYN8oiP2CP1bgJWMXM3L
1726,AqiiRivZa9ECuNoesfW9DJuebcEBNDerkhgShgLhFM2Q
1727,Av7JF9vV1YRiVDUqKUk1eGKrC3Ab5acn3fWs3kFwhyyG
1728,6ddRL16pUWD3szHvBjcRNGAtYWsNPTqGjNzuCMZ2HB5p
1729,CmQ4jbcY4UMjxfuBs6uFqKoBfzdpht37FT3gpQ5ew2NH
1730,5SwLTXrTk8GUggnzn9f1p9hFcwXywKhYLbHD2rQruhax
1731,ABefhrAY5wg9vx5snUDtE2pHLT4NKfKg5bWe1cLEPyMr
1732,fv3SyjXmw5xMnAVkWJgbDDAS7eY9g3VhwsUiGkjj8Eo
1733,2sXh9gSDCvxZ5ArU53yrKLwzB33LUEG2PPBjVZzwk2W3
1734,Gc2nUmFBh2F9cR1tbh47Mrx3dV9ziQgSgTntjPiDwkEz
1735,BXYQtyFM8MxbiwJpFxJAnQK5DkZA4iywhXF7wz6T7n96
1736,HPX7unZYfP8sBRH1ZWV6RgxDTBHwhJtVKbqxz9xAfuDt
1737,2TN74ab1iMUnYpubRrKZb5Fnu5f9X6LNXtf5NJjedg3N
1738,8iG8x61cjzwzWfRvkb3NcApcv1672wTWxfs7MzWLg8hn
1739,79GwnqtZZ45TCyJCMCNPqYP22MxCaAHtDozf4YY7mRm4
1740,4mH75fm4SZyy8Wn8tjMg1XTBLDrn8is7iiESGzVqqS2H
1741,43nhtvUp9mdZA77JkwQsQrZLbWCSkDC4KXT4vdwjD6Kj
1742,3h46PVdLYTJaKGAHe4xusHRbMt384dX4rmPwVzonrZGY
1743,B27a18u4LKH6s5kYzWpXNLTZuRZFHa7Z5WjaoUV69LdZ
1744,DSoYQQjRXC2Zorse5fkPc8Vk5WweYXV7GAiVsUV68n9b
1745,6jruWtgkGoRrXTpM9Zhi6Q85eBEydXwkKuYYUfCQwdTG
1746,BAq2VZaUBQXQesRr82w8cMUyRVBUdbirXSHamRy8cxF6
1747,CiypjX3yNYo5EGEpLxkW2kuABdPNjTuBjKhvGvR8cAb3
1748,E3N26maVcBvW7Vvnb1ZodKptQX93DTvmUUFaYKtT3Rh3
1749,2qbtse8PCErYDWEHYwi4tByKAz9DAFXPs3jwz4tALdX5
1750,CBi122UVAk7fDQcNsoPuCW1aFjMH8Mb26cohQoQffkGw
1751,DvBdrGiBUZRFigcg3tYD6M43XtJawzNZbN5Nxr7YH16c
1752,G48ugYhS7u2dEadqLeUPZSgQwrnAjEGDckhYScZDjNw2
1753,2YbKP9YaJrYnNz47ocbvLFXZT5bmJ7Q4j7YWCFgXJ7JE
1754,E2xWeAhXHs3iihukyVYuFewoDDbriW5k31jLonhb4r8c
1755,33mMVQwm9Nmm1mk4nG72VHHGV1CNvAvVSq5Kq3hshpBW
1756,7h6efFWpAKbwDzYDePHvbtHu19MtpQHAmqSrr3Jvd9u9
1757,9e56oKAguPnHtApJaWif3J28kVNV9TLuiThYZ4eJ2xsX
1758,9DjEwAa9WMArQA2fdsZxPWXizfnwv8h65XxrTriVnvxF
1759,8J8hdV61spzjWQzzzguP3pK5APHcFiywQJ4S32u5FnrG
1760,8aJphtmQgem7arFGfFQuxkDSYYV6YvvFJ9T4tvVYgbD1
1761,A11ZfsWQyYhLSueQnb2CcT6qbNgxeX1JDcGZBUvoQ9ck
1762,DkpkySLhH1uNXkFxZaC7R8jsuBHKsuRJR8MJzzvJi2Y8
1763,GfUNCBeiS5J1ksZ8ZtE4M3JSbQgeVsJsPp945EDNdspW
1764,Dg46s3Z43K3VYH6rxNSTjTjYX85UH5cRQhfe7Mc9k2Tu
1765,9rPzwS1B7Lm8h6bmaS4nLkY4LcpPLbmYsjdFJiz2HWrB
1766,Ff7AFyHLABCnqXyRuRxXVLGE4aUkUBUvUSRVruCh4dbW
1767,Cr2uPAtEmKCMBU1UMtSxG3gWdm3votJ7vPYX4ZjH19dr
1768,GVKFFDSPVopmBT6v2fLMgEXzUyW7Em4brFRCWBFNZnwT
1769,7DMK39h7BVEdijmTx6cUAFibaH2WPqDRA3aspmfe2DME
1770,7UEWV8EcgohCuHcFeEJ8zV7FRRy5UnyhwSUp9Wd6cNAS
1771,Gua5uQED7Jvb8rUV2RJsd6RE4D143Bo2aS19oGCR5pEK
1772,5LveQq3uNUMJbj8nE7nV7XfQu5gCwMbeeVHTopMn84Y6
1773,DHsHzDaGc2HjZSLes6gTPCLtvtWHVzH4WBxTsZtP8cfF
1774,GzALxfK76hYrZ5KCHfP4iv2yqS873EAnS3o61uSbRkcN
1775,67ErxoxoBbdUQtw62J4z2zuAVJjD357YECTaTWoGvnQu
1776,5c254GVLc6R6xSjv87iYRPLtJfNvxdRNJkaPtQBA5EkB
1777,HBsN5JW7v89Hb1MBdi8VMdm9YVTXd5ArSQFddfeoF3J8
1778,EkTCnozRZhTSohwbSQosxGHUodkrt7iCzUXBYydFqUk
1779,pD4AYVe49FQ3ZFgHtTjACpwVLzx87JEfxtgS9D6JwVr
1780,2U6RrMUUteQkgGAhKnr9nPdTU7zAZXfLQBWmvxcCAynh
1781,4arRaPSYoX3ptTqexoT4DW8k3zDKsM3nTK12KaQVEmWx
1782,F4rsi7ZqHPaqsjcavvAehSFSVy1AYbBRFss5hdFM2omP
1783,5T7Gd34bqF6WYxuuicryVGbFu9aTcmtHWd9BszJZbVLJ
1784,AU9rmcQheNqq8TL6tearsWTj35sot3v6FbXGTSdowGyQ
1785,5B3nic6AUDSiweK5kgbwd6W9DqqX9tJ1zUSQHNWPe24b
1786,zbFjDhkc7RywwoywSgSSdTge7hwu68pgq5mXjY9WxRG
1787,BU7makDCjr7ZR66EjHfq7Mhhhd6w13AL4c8bbScSk2si
1788,A48RAC4BQmvsaVcMEHFfjvJvCHo6DKMqGrYdhZSnjJS
1789,8Ma4se3cnbh3fqUMDagg3c8DxkAWcZtBjGQUxXznDzxu
1790,7qmesRJrjFTit5M5ukR5TMjALmcEdifpicTPK4nCQaoW
1791,49Sav9QNC2dJR98ycDY7sJD3Jmb5a2R8WaUnQKgmJvte
1792,ApJpgs6kFaFUZkcRDZzuduSVrUat3Z5swDxkXFy7qL6f
1793,9dyaJaxPLx1BHboVXLQxpfKzTnMWF3pm9uQrmzrdhDx2
1794,DfAVgoRpHPa5Tjsd38wtbMiTZaT1rMbiS9pTg6bcPnGs
1795,EDx5p5oauVsC71FVdy9gqScmD5EbNUcfA744tzMweLs2
1796,GeY444yaKfsogEUifxkT4hUkTCCW2Qm1pegHaZZoPGJW
1797,AspxqRrREpKukfs2nCb2h7aVLMCkjsu9wW2v4S37NKUd
1798,EqkJqcBRddcddW4DeqH7k1hHtSxXaYa2s4jMkgx7DExN
1799,3gn3ZRYAXQbvAYiG7rbPY1SFpRiXPdyENFiTZFZaZZGx
1800,5sfWqXkNq4nmSxo44hKTKE2FCaEkPqcf446jpeyMoWoL
1801,6Xpwa5oQr6RSLHbKmkmhd81qwcsyanE2RChe1haG3Lvh
1802,FARanEyw4jfurE1UgSWT7LeFij3CWxnXwxfFC9JFYfd9
1803,AMHFZkjuRherBsR5RXwGqjv4JqmY38Z8YBoRYrT4DZi7
1804,AazYSxRj7XKPWdXegRV5oGDjuF6PrsjqUuUi2QdGm5VM
1805,7bA8xDkty4ZZPeVPqWSyvs1GTtinkutnXtyVoBirYwu8
1806,Bew186DCFLQfwRL7tMBAu7LMKtz579FcDruqVa6puP3Y
1807,4LUEq5SX6GhaPov9v32swgN9UVJhx9VYMJX49mZGbMMK
1808,CmqgKXvY2VX6w5yTsZXB8Ho1N9pne7wT91zUYZV6qVgM
1809,G3vkJ8SHot2B2kzzCAKawoE5otw7TCDYryTESJxMUX5U
1810,9eMhYQshXPzxTPWFc3LvmXUHQPJfGRma96ZReQ1LNiF4
1811,GSCkufQvUo9KXmgNYySxwzPQEsMP8AKJTDHUB5q5ogyA
1812,4EKguTofKLruBpJASkQ7HGUWjX359L4NxymDsQadJkji
1813,BNefgjhKiJWZGNFyagzMTNHWrJvGbFtLSoC6YhvWNgvx
1814,5TvH49EusDuKNd3rE6U9Jrc1sRu3r2rHtzxCXNaa8se4
1815,996omGHGEQ2LmVqMNX3ZdaLvPLn8WfQ4AMWWuHUiNDfF
1816,AFWi3jG1sGA7cNYsrjEncE3PdQSg4cVxj3sRSnhn5mRm
1817,HJPMMFGNueHFkuXoTnMyJdLgtTwww3ZwVrseJv9VyB1
1818,AFK1AVKWoSLYjWqxCv9MhahCi1JzjHjfJo7S6BE18cgN
1819,5dHfrMyntGiJ1VvpchhQWR9FJBFVK9JeNQqn1uwzMVQw
1820,7UXPNuExpLc3g4GiGJv5NmTqAbJVsBX8dtyiJAaYMQ8q
1821,H1DU9ajS9MUTxVme38ApnaJqqGKTF7TW5LM8nrf83p6W
1822,2pQvQF2WAZ7ZVx78yJpHyw3nVHM2kKAoZzve29yFrqRi
1823,Dq7QmxtgCk1mJhxZEWy6jmi9vVnpfWqSBRsJjmbbkwVb
1824,C53rBoqw6kDADn4sfxB8dp9MKvHsiaRSfT5DKi5bSz7G
1825,8Q2tYgAdfoigdVkAkQUc2mA1zFVf3Xj4MdYcvT8CHU6w
1826,5TxA5TNjgVLPNnRVC1M7TdweawV45Fc1ZAyTkc6WZYx1
1827,HE9HTKPYr65sjix96FJMxTPf9KtTjCNhcEYAW1HxmMuH
1828,98VxGD2gcheSRrpPZsBG9Lizk3bKd2xzodBivrhqH4Wy
1829,FbQ2ZHWuSdwPDMut5r1YtwkMzCMbTRtYg53dB3x73zTe
1830,8k2QenSZVZGMfqJqsgDykvx5t8Zfypz3b7Vz5V3xb7op
1831,3ZdVRdAyMbrswewParjaKrkxxjSw4eJxaQyG7RkVaCpe
1832,BZFUZdT3pQF5Wfy7u8ikkyr9KiMuXRzWGDwEVDiCjEMA
1833,GSQvWMPPgnmnLc3jXfsVCG1AFVhutMst1nD5zbhY3R3T
1834,Dn8GkL5xajb9PFSAYqhi1TztcxwRtBB3VJTpYTGcCqJD
1835,HwMsTR9GoYgpNMxVhFRTpb1Y4fzhg3gcCpzTXtW7cAMo
1836,7Mg44QTorb5qUuSec894PrnWj2566yDJZahRKu7WEVgj
1837,FZnf3VjwwL9x4e2u3JrS6du6q2ypRNBYVSxo4pUecHD8
1838,FvoHWw9inmWWF1kqNjzvPfvnvnjXiP8fbC1SAqF6Tytp
1839,22gxcErfc8LqgU1fEnca1wDefAFtSWdXjME67rxhks4k
1840,9XXJ4QFUteAEvRVR5utNzysp9DrtjvSzdyXQdTWWpAD9
1841,3knGeEcUFggcZQpo7zwuoDe8dUL6ECQ6faneKDxmyafA
1842,7V4EhzR1muZGkBoq8jLBw4b6NC7V9CW77NEaHiTf3Eqw
1843,BcXFQy2MBBFFTf1uN8dBC6ZYrRW6oiVdQtdxYAd7EQTC
1844,HoR3Gg4sskoZ9ncQ9H9Dk3WkTbCcENrTME1zevkRaRYb
1845,DqspeeyNLuQvxZqZDnsSyqyMtPXyaetvtNwa2YWuWBrM
1846,6VB8GwNfgUwB6rHzTw6WDgQcxWxnUrwD3wo6RKD1sRWx
1847,3PFrKGkzQ3EP71Z2P6aTVhNzkQQFHzuZdq7SECC9f1Nf
1848,4wajsPRCMjEoE1djQ5zddzpBsQCyNauG4sPTvoiwhzay
1849,5Knq4ikXwqv8ufEcWSdwTLFmEokmDVCsNYyqeDgQ7vFE
1850,FTSmU61NghmTBRkCCKeigRt5v2xv85eXtLRM3WDnYWqk
1851,2X3H1cdnUYyRWnGUGB757Xw9b1ttLRnKUzX14J8noTSR
1852,D4JrGQaNuUkAikBH7w8xMXaUF9A7HM4ERvFCVxReer76
1853,3d72MiDKV6abv5PZPPqxUAE4v9fWVa2zXJNeNmKeEaRx
1854,GuAs273oAUpFv1Hm5aykNKLbw2h7LAPAvFZdEQZ22QX7
1855,7n1sPN7ZAtLqHkN5xzgriKuGhvsEeYHQkAZVLBFqeyLS
1856,CFoGhPvJLc5S6paEfPJJLktpnJATpCTvtMPzsf8VAroX
1857,9V7Vnc5hiYf1MjKWW5zxU8iNGRdCr1QY7Wno7ruioizy
1858,5rxxC2Y9PaBxXQGB1pwuNApoPmZwmt5Lrphebksg93op
1859,7zEa7SURaBNATEkzcPU4WHVd3GoZ8hU5toyWGvjGwL3P
1860,D4tm3TDWktCgjbVDGnJswLmNXMw8ELkugXPCc98FtBpx
1861,87Uk2ydLZKTFXq4sn8Z17kwQnPz7LdXY6wGSzkfDqVM2
1862,7RLMVrHnkTPxJmELnwZNKyyKpb2dEuyEsVzPazcVLGEs
